entity,name,type,salience
Istanbul,Istanbul,LOCATION,0.03182043
class,class,OTHER,0.028964255
og,og,OTHER,0.028573679
script,script,WORK_OF_ART,0.024837991
Caroline Swicegood,Caroline Swicegood,PERSON,0.022741353
class,class,OTHER,0.022464462
class,class,OTHER,0.013691548
name,name,OTHER,0.010990463
javascript,https://connect.facebook.net/en_US/fbevents.js,OTHER,0.009571789
property,property,OTHER,0.008577415
Literary Tourism: Istanbul,https://www.tumblr.com/widgets/share/tool?canonicalUrl=https://bookriot.com/2016/04/10/literary-tourism-istanbul/&amp;title=Literary Tourism: Istanbul&amp,OTHER,0.007830729
id,id,OTHER,0.0075732777
function,__gaTrackerIsOptedOut,OTHER,0.007314329
bookriot.com\/,bookriot.com\/,OTHER,0.0070480257
https,https,OTHER,0.0066711726
switch,textBaseline,OTHER,0.0065876967
__gaTracker,__gaTracker,WORK_OF_ART,0.0063234037
createElement,createElement,WORK_OF_ART,0.0062426515
type,type,OTHER,0.005764285
content,content,OTHER,0.0056480747
parentNode.insertBefore,parentNode.insertBefore,OTHER,0.005412008
class,class,OTHER,0.0053855777
script,script,WORK_OF_ART,0.0052400795
application,application,OTHER,0.0051678102
fa-2,fa-2,OTHER,0.0049044625
class,class,OTHER,0.004513137
div,div,OTHER,0.004438905
property,property,OTHER,0.003835907
li,li,OTHER,0.0037981456
sites,sites,OTHER,0.0037920834
div,div,OTHER,0.0037657167
content,content,OTHER,0.0035556138
BOOK RIOT,BOOK RIOT,OTHER,0.0033452106
data-cfasync,disableStr,OTHER,0.0029042016
css,css,OTHER,0.0025574972
viewBox,viewBox,OTHER,0.0024503348
class,class,OTHER,0.0024424223
class,class,OTHER,0.0024381902
https,https,OTHER,0.002305319
href,Mystery/Thriller<,OTHER,0.0022687418
toDataURL,toDataURL,OTHER,0.0022512455
Mystery/Thriller<,Mystery/Thriller<,OTHER,0.0022312605
__gaTracker,__gaTracker,OTHER,0.002168437
viewport,viewport,WORK_OF_ART,0.0021469628
viewport,viewport,WORK_OF_ART,0.0021469628
category,category,OTHER,0.0021240201
getElementsByTagName,el = document.getElementsByTagName,OTHER,0.0020827502
icon,icon,WORK_OF_ART,0.0020034956
bookriot.com,https://bookriot.com/wp-json/oembed/1.0/embed?url=https%3A%2F%2Fbookriot.com%2F2016%2F04%2F10%2Fliterary-tourism-istanbul%2F&#038;format=xml,OTHER,0.0020032278
content,content,OTHER,0.0019827038
category,category,OTHER,0.0019743023
https,https,OTHER,0.0019551513
https,https,OTHER,0.0019551513
href,href,OTHER,0.0019420435
href,href,OTHER,0.0019420435
href,href,OTHER,0.0019420435
href,href,OTHER,0.0019420435
href,href,OTHER,0.0019420435
mansion,residence,LOCATION,0.0019405471
data-id,data-id,OTHER,0.0018787006
data-value,data-value,OTHER,0.001875933
head,head,OTHER,0.0018389174
div,div,OTHER,0.0018322368
everything,everythingExceptFlag,OTHER,0.0018118299
class,class,OTHER,0.0018078571
itemprop,itemprop,OTHER,0.0017956542
M35,M35,CONSUMER_GOOD,0.001778152
guest post,guest post,WORK_OF_ART,0.0017767517
none,none,OTHER,0.001731488
toDataURL,toDataURL,OTHER,0.0017232005
type,type,OTHER,0.0017050871
type,type,OTHER,0.0017050871
Twitter,http://twitter.com/bookriot,OTHER,0.0017040581
type,type,OTHER,0.0016963463
script,script,WORK_OF_ART,0.0016897909
display,display,OTHER,0.0016897114
type,type,OTHER,0.0016815072
content,content,OTHER,0.0016815026
content,content,OTHER,0.0016815026
content,content,OTHER,0.0016815026
content,content,OTHER,0.0016815026
script type,script type,OTHER,0.0016753867
script,script,WORK_OF_ART,0.0016750091
script,script,WORK_OF_ART,0.0016737224
type,type,OTHER,0.0016706545
type,type,OTHER,0.0016706545
script type,script type,OTHER,0.0016706545
content,content,OTHER,0.0016667933
content,content,OTHER,0.0016667933
content,content,OTHER,0.0016667933
content,content,OTHER,0.0016667933
content,content,OTHER,0.0016667933
content,content,OTHER,0.0016635396
content,content,OTHER,0.0016635396
content,content,OTHER,0.0016635396
content,content,OTHER,0.0016635396
content,content,OTHER,0.0016635396
content,content,OTHER,0.0016635396
content,content,OTHER,0.0016635396
content,content,OTHER,0.0016635396
content,content,OTHER,0.0016635396
content,content,OTHER,0.0016635396
content,content,OTHER,0.0016635396
content,content,OTHER,0.0016607261
script type,script type,OTHER,0.0016594551
href,href,OTHER,0.001639518
id,id,OTHER,0.0016352895
prefix,prefix,OTHER,0.0016349802
Turkey,Turkish,LOCATION,0.001621407
icon,icon,WORK_OF_ART,0.0015651408
fillText,fillText,OTHER,0.0015509475
li,li,OTHER,0.0014461477
text,text,OTHER,0.001434605
text,text,OTHER,0.0014272498
content,END Sailthru Horizon Meta Information,OTHER,0.0014234413
div,div,OTHER,0.0014159622
class,class,OTHER,0.0014150748
title,title,OTHER,0.001413268
title,title,OTHER,0.001413268
title,title,OTHER,0.001413268
itemprop,itemprop,OTHER,0.0014064072
title,title,OTHER,0.0014060221
title,title,OTHER,0.0014060221
text,text,OTHER,0.001405631
text,text,OTHER,0.001396207
title,title,OTHER,0.0013937212
fbq,PageView,OTHER,0.0013854284
title,title,OTHER,0.0013847246
title,title,OTHER,0.0013847246
title,title,OTHER,0.0013847246
charset,charset,OTHER,0.0013595894
width,width,OTHER,0.0013354626
fa-2,fa-2,OTHER,0.001333419
width,width,OTHER,0.0013186634
width,width,OTHER,0.0013186634
height,height,OTHER,0.00128521
height,height,OTHER,0.0012711927
height,height,OTHER,0.0012711927
literary-tourism,literary-tourism,OTHER,0.0012605212
stylesheet,stylesheet,OTHER,0.0012486957
rss+xml,rss+xml,OTHER,0.0012312507
none,none,OTHER,0.0012222817
lightbox,hideCloseButtonOnMobile,WORK_OF_ART,0.0012151777
name,name,OTHER,0.0012060719
name,name,OTHER,0.0012060719
/\/bookriot.com,/\/bookriot.com,OTHER,0.0012016165
name,name,OTHER,0.0011911668
https://bookriot.com/feed/atom/,https://bookriot.com/feed/atom/,OTHER,0.0011893586
https://bookriot.com/xmlrpc.php,https://bookriot.com/xmlrpc.php,OTHER,0.0011893586
https://www.facebook.com/BookRiot/,https://www.facebook.com/tr?id=729442010451189&ev=PageView&noscript=1,OTHER,0.001170617
twentyseventeen-section-title,twentyseventeen-section-title,OTHER,0.0011689705
http:\/\/schema.org,http:\/\/schema.org,OTHER,0.0011686368
Social Share,Social Share,OTHER,0.0011551402
property,property,OTHER,0.001143979
property,property,OTHER,0.001143979
forceSSL,forceSSL,OTHER,0.001141874
path,path,OTHER,0.001137703
property,property,OTHER,0.0011365938
property,property,OTHER,0.0011339694
property,property,OTHER,0.0011339694
property,property,OTHER,0.0011317553
property,property,OTHER,0.0011317553
property,property,OTHER,0.0011317553
property,property,OTHER,0.0011317553
property,property,OTHER,0.0011317553
property,property,OTHER,0.0011317553
property,property,OTHER,0.0011317553
function d,function d,OTHER,0.0011190943
d,d,OTHER,0.0011182836
href,"https://bookriot.com/about/"">About Book Riot",OTHER,0.0011174853
class,class,OTHER,0.0011120668
class,class,OTHER,0.0011118143
twitter,twitter,OTHER,0.0011101816
twitter,twitter,OTHER,0.0011101816
twitter,twitter,OTHER,0.0011101816
image,image,WORK_OF_ART,0.0011030143
data-value,data-value,OTHER,0.0011021675
image,image,WORK_OF_ART,0.0010983187
image,image,WORK_OF_ART,0.0010983187
image,image,WORK_OF_ART,0.0010983187
image,image,WORK_OF_ART,0.0010964609
Young Adult,Young Adult,PERSON,0.0010902573
images,images,WORK_OF_ART,0.0010860317
images,images,WORK_OF_ART,0.0010860317
Function,Function,OTHER,0.0010566
function,function,OTHER,0.0010533741
function,function,OTHER,0.0010533741
function,function,OTHER,0.0010524531
function,function,OTHER,0.0010507841
script,script,WORK_OF_ART,0.0010280607
window,window,OTHER,0.0010154493
article,article,WORK_OF_ART,0.0010041425
article,article,WORK_OF_ART,0.0010041425
article,article,WORK_OF_ART,0.0010041425
article,article,WORK_OF_ART,0.0010041425
article,article,WORK_OF_ART,0.0010041425
article,article,WORK_OF_ART,0.0010041425
article,article,WORK_OF_ART,0.0010041425
og,og,OTHER,0.0010024437
css,css,OTHER,0.0009936213
@type,@type,OTHER,0.0009918392
site,site,OTHER,0.0009712763
sites,sites,OTHER,0.0009627772
site,site,OTHER,0.0009627772
url,url,OTHER,0.0009608972
url,url,OTHER,0.00095927157
xml,xml,OTHER,0.0009527195
xml,xml,OTHER,0.0009527195
query-input,query-input,OTHER,0.00093611877
f,f,OTHER,0.0009171889
tag,tag,OTHER,0.00091328396
tag,tag,OTHER,0.00091328396
UA-25481245-1,UA-25481245-1,OTHER,0.0008952287
document,document,WORK_OF_ART,0.0008782031
site,site,OTHER,0.0008642857
application,application,OTHER,0.00084394444
application,application,OTHER,0.00084394444
creator,creator,PERSON,0.0008396164
@bookriot,@bookriot,OTHER,0.00083866494
display,display,OTHER,0.00083453784
section,section,OTHER,0.00083064364
CDATA,CDATA,ORGANIZATION,0.0008284929
Analytics tracking,Analytics tracking,OTHER,0.00082689524
alt,alt,OTHER,0.00082106463
audiobooks,audiobooks,WORK_OF_ART,0.0008201872
mystery-thriller,mystery-thriller,WORK_OF_ART,0.0008199635
72x72\,72x72\,OTHER,0.00081422424
RSS,RSS,OTHER,0.00081179995
RSS 2.0,RSS 2.0,OTHER,0.00081179995
push,push,OTHER,0.00079067337
b,b,OTHER,0.00079006574
var b,var b,OTHER,0.00079006574
b,b,OTHER,0.00078895217
b,b,OTHER,0.0007884392
src,src,OTHER,0.00078794436
media,media,OTHER,0.0007728513
creative writing,creative writing,OTHER,0.0007678611
author,author,PERSON,0.0007645918
novels,novels,WORK_OF_ART,0.00076201145
dns-prefetch,dns-prefetch,OTHER,0.00076114136
dns-prefetch,dns-prefetch,OTHER,0.00076114136
dns-prefetch,dns-prefetch,OTHER,0.00076114136
dns-prefetch,dns-prefetch,OTHER,0.00076114136
dns-prefetch,dns-prefetch,OTHER,0.00076114136
BODY,BODY,OTHER,0.00075473724
"https://bookriot.com/advertise/"">Advertise</a></li","https://bookriot.com/advertise/"">Advertise</a></li",OTHER,0.0007457877
https,https,OTHER,0.0007427109
https,https,OTHER,0.00074232655
https,https,OTHER,0.00074232655
https,https,OTHER,0.0007403043
https,https,OTHER,0.0007391659
href,href,OTHER,0.000733177
href,href,OTHER,0.000733177
href,href,OTHER,0.000733177
href,href,OTHER,0.0007327814
href,href,OTHER,0.0007327814
href,href,OTHER,0.000732038
emoji,emoji,OTHER,0.00071857136
emoji,emoji,OTHER,0.00071857136
type,type,OTHER,0.0007172131
j.toDataURL,j.toDataURL,PERSON,0.0007049862
Book Riot Community,Book Riot Community,OTHER,0.0006984069
description,description,OTHER,0.00069169694
description,description,OTHER,0.0006856435
description,description,OTHER,0.0006856435
top,top,OTHER,0.00067569385
href,href,OTHER,0.00065646734
card,card,OTHER,0.00064263237
UTF-8,UTF-8,OTHER,0.0006404055
DOCTYPE,DOCTYPE,WORK_OF_ART,0.0006404055
Cards,Cards,OTHER,0.00063848274
plugin,plugin,OTHER,0.00063700817
script,script,OTHER,0.00063609635
publisher,publisher,ORGANIZATION,0.0006357641
script,script,WORK_OF_ART,0.00063575315
script,script,WORK_OF_ART,0.0006354241
WebSite,WebSite,OTHER,0.0006346884
#website,#website,OTHER,0.0006346884
SEO plugin,SEO plugin,OTHER,0.0006346884
script,script,WORK_OF_ART,0.0006342292
script,script,WORK_OF_ART,0.0006342292
script,script,WORK_OF_ART,0.0006339566
script,script,WORK_OF_ART,0.000633693
script,script,WORK_OF_ART,0.000633693
plugin,plugin,OTHER,0.00063289487
script,script,WORK_OF_ART,0.00063227274
script,script,WORK_OF_ART,0.00063205895
script,script,WORK_OF_ART,0.00063185074
cookie,cookie,OTHER,0.0006314332
type,type,OTHER,0.00063067157
type,type,OTHER,0.00063067157
type,type,OTHER,0.00063067157
type,type,OTHER,0.00063067157
script type,script type,OTHER,0.0006303312
script type,script type,OTHER,0.0006303312
type,type,OTHER,0.0006303312
type,type,OTHER,0.0006303312
script type,script type,OTHER,0.0006303312
script type,script type,OTHER,0.0006303312
script type,script type,OTHER,0.0006303312
o,o,OTHER,0.0006302
cookie,cookie,OTHER,0.0006302
script type,script type,OTHER,0.00063000503
script type,script type,OTHER,0.00063000503
script type,script type,OTHER,0.00063000503
script type,script type,OTHER,0.00063000503
type,type,OTHER,0.0006296917
type,type,OTHER,0.0006296917
o,o,OTHER,0.0006291337
o,o,OTHER,0.0006291337
arguments,arguments,OTHER,0.0006291337
type,type,OTHER,0.00062882033
set,set,OTHER,0.00062865025
script type,script type,OTHER,0.00062779075
return,return,OTHER,0.0006277641
type,type,OTHER,0.0006270984
content,content,OTHER,0.000624179
content,content,OTHER,0.00062388036
content,content,OTHER,0.00062388036
content,content,OTHER,0.00062388036
content,content,OTHER,0.00062388036
content,content,OTHER,0.00062388036
content,content,OTHER,0.00062359264
class,class,OTHER,0.00062039675
class,class,OTHER,0.00062039675
class,class,OTHER,0.00062039675
class,class,OTHER,0.00062039675
class,class,OTHER,0.00062039675
class,class,OTHER,0.00062039675
class,class,OTHER,0.00062039675
class,class,OTHER,0.00062039675
class,class,OTHER,0.00062010536
class,class,OTHER,0.0006199637
class,class,OTHER,0.0006199637
class,class,OTHER,0.0006199637
class,class,OTHER,0.0006199637
class,class,OTHER,0.0006199637
class,class,OTHER,0.0006194215
class,class,OTHER,0.0006194215
class,class,OTHER,0.0006192916
class,class,OTHER,0.00061916397
class,class,OTHER,0.0006181005
class,class,OTHER,0.0006138511
class,class,OTHER,0.00061368005
class,class,OTHER,0.00061368005
class,class,OTHER,0.0006133489
class,class,OTHER,0.0006133489
class,class,OTHER,0.0006133489
class,class,OTHER,0.0006133489
class,class,OTHER,0.00061318855
class,class,OTHER,0.0006127266
shoppers,shoppers,PERSON,0.0006109329
alt,alt,OTHER,0.00060868345
id,id,OTHER,0.00060796115
id,id,OTHER,0.00060796115
id,id,OTHER,0.00060796115
id,id,OTHER,0.00060796115
id,id,OTHER,0.0006076331
data-sumo-site-id,data-sumo-site-id,OTHER,0.00060617656
thought,thought,OTHER,0.00060053763
atom,atom,OTHER,0.00058748916
div,div,OTHER,0.00058472896
div,div,OTHER,0.00058472896
div,div,OTHER,0.00058446877
div,div,OTHER,0.00058421755
div,div,OTHER,0.0005838562
div,div,OTHER,0.00058373954
div,div,OTHER,0.00058373954
div,div,OTHER,0.0005836248
div,div,OTHER,0.00058351184
div,div,OTHER,0.00058340054
div,div,OTHER,0.00058329094
div,div,OTHER,0.00058329094
div,div,OTHER,0.00058307656
div,div,OTHER,0.00058297167
div,div,OTHER,0.00058297167
educator,educator,PERSON,0.00058234745
src,src,OTHER,0.000579844
src,src,OTHER,0.00057954394
locale,locale,OTHER,0.00057936064
div,div,OTHER,0.0005788023
div,div,OTHER,0.00057849
12T07,12T07,OTHER,0.00057822914
src,src,OTHER,0.00057796505
json,json,OTHER,0.0005772507
users,users,PERSON,0.0005749241
source,source,OTHER,0.00057175884
case,case,OTHER,0.0005709529
SearchAction,SearchAction,OTHER,0.00056781946
class,class,OTHER,0.0005652013
class,class,OTHER,0.0005652013
class,class,OTHER,0.0005651064
class,class,OTHER,0.0005650127
class,class,OTHER,0.0005647389
class,class,OTHER,0.0005642212
class,class,OTHER,0.00056413846
class,class,OTHER,0.0005640567
__gaTrackerOptout,__gaTrackerOptout,WORK_OF_ART,0.0005638038
class,class,OTHER,0.00056373875
class,class,OTHER,0.0005636615
class,class,OTHER,0.000563585
class,class,OTHER,0.0005635094
class,class,OTHER,0.00056343456
class,class,OTHER,0.00056343456
__gaTracker,__gaTracker,WORK_OF_ART,0.00056241726
script data,script data,OTHER,0.0005548598
scpt,scpt,OTHER,0.00054223684
BookRiot_Master,BookRiot_Master,OTHER,0.00054219784
""".svg",``.svg,ORGANIZATION,0.0005345443
div,div,OTHER,0.00053335424
div,div,OTHER,0.00053335424
div,div,OTHER,0.00053335424
div,div,OTHER,0.00053335424
div,div,OTHER,0.00053307816
div,div,OTHER,0.00053307816
div,div,OTHER,0.0005329003
div,div,OTHER,0.00053255813
div,div,OTHER,0.00053247524
div,div,OTHER,0.00053223263
div,div,OTHER,0.00053223263
div,div,OTHER,0.00053223263
div,div,OTHER,0.0005319986
div,div,OTHER,0.0005319986
div,div,OTHER,0.00053169875
div,div,OTHER,0.00053155376
text,text,OTHER,0.00053152686
div,div,OTHER,0.0005314824
text,text,OTHER,0.00053058553
text,text,OTHER,0.00053058553
text,text,OTHER,0.00053058553
text,text,OTHER,0.00053058553
text,text,OTHER,0.0005302992
text,text,OTHER,0.0005302992
text,text,OTHER,0.0005302992
text,text,OTHER,0.0005302992
text,text,OTHER,0.0005302992
text,text,OTHER,0.00053002476
text,text,OTHER,0.00053002476
text,text,OTHER,0.00053002476
text,text,OTHER,0.00053002476
text,text,OTHER,0.0005297612
text,text,OTHER,0.000529028
text,text,OTHER,0.0005281618
text,text,OTHER,0.0005275793
site-bookriot,site-bookriot,PERSON,0.0005255984
attachEvent,attachEvent,EVENT,0.0005253157
sailthru.title,sailthru.title,OTHER,0.0005216291
href,"https://bookriot.com/affiliate-disclosure/"">Affiliate Disclosure<",OTHER,0.0005204232
pingback,pingback,OTHER,0.00051396765
endif,endif,OTHER,0.0005113315
summary,summary,OTHER,0.0005113315
ld,ld,OTHER,0.00050501025
width,width,OTHER,0.0005027042
tracking,tracking,OTHER,0.00050242
width,width,OTHER,0.0005018139
concatemoji,concatemoji,OTHER,0.0005002055
wpemoji&&f.twemoji&&,wpemoji&&f.twemoji&&,OTHER,0.00049597415
json+oembed,json+oembed,OTHER,0.00049520354
subscribe-button twitter,subscribe-button twitter,OTHER,0.00049400906
CACHEBUSTER,CACHEBUSTER,ORGANIZATION,0.000490827
href,href,OTHER,0.00048951886
href,href,OTHER,0.00048951886
href,href,OTHER,0.00048951886
href,href,OTHER,0.00048951886
href,href,OTHER,0.00048940495
href,href,OTHER,0.00048940495
href,href,OTHER,0.00048929313
href,href,OTHER,0.00048929313
height,height,OTHER,0.00048460084
href,href,OTHER,0.0004843336
href,href,OTHER,0.0004843336
href,href,OTHER,0.0004843336
href,href,OTHER,0.0004843336
href,href,OTHER,0.0004842015
href,href,OTHER,0.0004842015
height,height,OTHER,0.00048374262
height,height,OTHER,0.0004805137
height,height,OTHER,0.00048035942
literary-tourism,literary-tourism,OTHER,0.00047803094
stylesheet,stylesheet,OTHER,0.00046418374
stylesheet,stylesheet,OTHER,0.00046418374
stylesheet,stylesheet,OTHER,0.00046418374
stylesheet,stylesheet,OTHER,0.00046418374
style,style,OTHER,0.00046418374
stylesheet,stylesheet,OTHER,0.00046393328
style,style,OTHER,0.0004628211
Quantcast Tag,Quantcast Tag,ORGANIZATION,0.00046157298
span,span,OTHER,0.0004605403
span,span,OTHER,0.00046041468
span,span,OTHER,0.00046041468
span,span,OTHER,0.00046041468
span,span,OTHER,0.00046041468
span,span,OTHER,0.00046041468
span,span,OTHER,0.00046029178
span,span,OTHER,0.00046029178
@bookriot,@bookriot,OTHER,0.00045745634
javascript,javascript,OTHER,0.0004564226
itemprop,itemprop,OTHER,0.00045593586
everything,everything,OTHER,0.00045286707
@id,@id,OTHER,0.00045180097
@type,@type,OTHER,0.00045180097
@context,@context,OTHER,0.00045180097
https://bookriot.com/listen,https://bookriot.com/listen,OTHER,0.00045139887
name,name,OTHER,0.00044763702
name,name,OTHER,0.0004474228
name,name,OTHER,0.0004474228
name,name,OTHER,0.0004474228
name,name,OTHER,0.0004474228
Community,Community,OTHER,0.0004474228
name,name,OTHER,0.0004474228
name,name,OTHER,0.00044721647
name,name,OTHER,0.00044721647
href,href,OTHER,0.00044630177
href,href,OTHER,0.00044630177
href,href,OTHER,0.00044630177
href,href,OTHER,0.00044622368
href,href,OTHER,0.0004453632
_wpemojiSettings,window._wpemojiSettings,OTHER,0.00044443505
http://bit.ly/1USjAwn,http://bit.ly/1USjAwn,OTHER,0.00043916752
http://b,http://edge,OTHER,0.0004380125
https://secure,https://secure,OTHER,0.00043735866
li,li,OTHER,0.0004317568
li,li,OTHER,0.0004317568
li,li,OTHER,0.00043165634
li,li,OTHER,0.00043165634
li,li,OTHER,0.00043165634
li,li,OTHER,0.00043165634
li,li,OTHER,0.00043165634
li,li,OTHER,0.00043165634
li,li,OTHER,0.0004315577
li,li,OTHER,0.0004315577
li,li,OTHER,0.0004315577
li,li,OTHER,0.0004271833
li,li,OTHER,0.0004271833
li,li,OTHER,0.0004271833
li,li,OTHER,0.0004271833
li,li,OTHER,0.00042706679
li,li,OTHER,0.00042706679
li,li,OTHER,0.00042706679
li,li,OTHER,0.00042695276
li,li,OTHER,0.00042695276
li,li,OTHER,0.00042695276
li,li,OTHER,0.00042695276
li,li,OTHER,0.00042695276
li,li,OTHER,0.00042695276
li,li,OTHER,0.00042695276
li,li,OTHER,0.0004268411
d,d,PERSON,0.0004259987
clearRect,clearRect,CONSUMER_GOOD,0.00042472384
BOOK RIOT &raquo,BOOK RIOT &raquo,OTHER,0.00042250598
Google Analytics,Google Analytics,OTHER,0.00042250598
MonsterInsights,MonsterInsights,OTHER,0.00042250598
menu,menu,OTHER,0.00042107273
script,script,WORK_OF_ART,0.00042080996
class,class,OTHER,0.00041868596
class,class,OTHER,0.00041864946
class,class,OTHER,0.00041857723
class,class,OTHER,0.00041840086
class,class,OTHER,0.00041840086
class,class,OTHER,0.00041826392
class,class,OTHER,0.00041826392
class,class,OTHER,0.00041823025
class,class,OTHER,0.00041819678
class,class,OTHER,0.00041819678
class,class,OTHER,0.00041819678
class,class,OTHER,0.00041784212
class,class,OTHER,0.00041784212
class,class,OTHER,0.00041781104
Contributors,Contributors,PERSON,0.00041728892
type,type,OTHER,0.00041696886
gfx-container,gfx-container,OTHER,0.00041648763
container,container,OTHER,0.00041616752
container,container,CONSUMER_GOOD,0.00041616752
itemtype,itemtype,OTHER,0.0004155044
itemtype,itemtype,OTHER,0.00041543893
itemprop,itemprop,OTHER,0.00041543893
itemtype,itemtype,OTHER,0.00041537426
itemprop,itemprop,OTHER,0.00041537426
itemtype,itemtype,OTHER,0.00041537426
content,content,OTHER,0.00041344148
id,id,OTHER,0.0004060048
id,id,OTHER,0.00040590856
id,id,OTHER,0.00040590856
id,id,OTHER,0.00040590856
id,id,OTHER,0.00040590856
id,id,OTHER,0.00040590856
id,id,OTHER,0.00040581412
id,id,OTHER,0.00040472354
indexOf,indexOf,OTHER,0.00040362516
BOOK RIOT &raquo; Feed,BOOK RIOT &raquo; Feed,OTHER,0.00040321006
Comments Feed,Comments Feed,OTHER,0.00040321006
function,function,OTHER,0.0003995046
function,function,OTHER,0.0003995046
function,function,OTHER,0.0003977707
function,function,OTHER,0.0003971589
function,function,OTHER,0.00039687907
characters,characters,PERSON,0.0003951662
div,div,OTHER,0.00039502862
div,div,OTHER,0.00039502862
div,div,OTHER,0.00039495807
div,div,OTHER,0.00039492315
div,div,OTHER,0.00039478595
div,div,OTHER,0.00039478595
div,div,OTHER,0.00039468548
div,div,OTHER,0.00039461962
div,div,OTHER,0.000394587
div,div,OTHER,0.0003945546
div,div,OTHER,0.0003945546
div,div,OTHER,0.00039452245
div,div,OTHER,0.00039442713
div,div,OTHER,0.00039442713
div,div,OTHER,0.00039442713
div,div,OTHER,0.00039442713
div,div,OTHER,0.00039442713
div,div,OTHER,0.00039442713
div,div,OTHER,0.00039442713
div,div,OTHER,0.00039442713
div,div,OTHER,0.00039442713
div,div,OTHER,0.00039439576
div,div,OTHER,0.00039436462
div,div,OTHER,0.00039430286
div,div,OTHER,0.00039427227
div,div,OTHER,0.00039427227
div,div,OTHER,0.00039427227
div,div,OTHER,0.00039427227
div,div,OTHER,0.00039427227
div,div,OTHER,0.0003940052
li,li,OTHER,0.0003936383
li,li,OTHER,0.0003936383
li,li,OTHER,0.0003936383
li,li,OTHER,0.0003936383
li,li,OTHER,0.00039356944
li,li,OTHER,0.00039356944
Julien Maury,Julien Maury,PERSON,0.0003901798
Sci-Fi/Fantasy,Sci-Fi/Fantasy<,OTHER,0.00038763141
script,script,WORK_OF_ART,0.0003867445
window,window,OTHER,0.0003849
input type,input type,OTHER,0.00038389734
input type,input type,OTHER,0.00038389734
type,type,OTHER,0.00038369864
window,window,OTHER,0.00038245667
container,container,OTHER,0.0003805361
Twitter Cards,Twitter Cards,ORGANIZATION,0.00038036963
content,content,OTHER,0.00037996806
content,content,OTHER,0.00037996806
content,content,OTHER,0.00037996806
content,content,OTHER,0.00037990892
content,content,OTHER,0.00037990892
content,content,OTHER,0.00037990892
content,content,OTHER,0.00037990892
container,container,OTHER,0.00037979282
GoogleAnalyticsObject,GoogleAnalyticsObject,OTHER,0.00037301017
name,name,OTHER,0.0003699993
css,css,OTHER,0.0003693369
css,css,OTHER,0.0003693369
css,css,OTHER,0.0003693369
id,id,OTHER,0.0003692935
data-id,data-id,OTHER,0.00036923873
var,var,OTHER,0.00036913756
var,var,OTHER,0.0003689465
var,var,OTHER,0.00036794128
var,var,OTHER,0.0003672441
readyCallback=function,readyCallback=function,CONSUMER_GOOD,0.0003614456
none,none,OTHER,0.0003610288
none,none,OTHER,0.00035996892
instagram,instagram,OTHER,0.000359274
display,display,OTHER,0.00035231275
display,display,OTHER,0.00035127846
text,text,OTHER,0.00035100352
title,title,OTHER,0.00034850693
title,title,OTHER,0.00034843388
BookRiot_Visitors_perpetual,BookRiot_Visitors_perpetual,PERSON,0.0003484119
data-title,data-title,OTHER,0.00034822177
data-title,data-title,OTHER,0.0003481533
Atom 0.3,Atom 0.3,OTHER,0.0003477272
menu-nav-button,menu-nav-button,OTHER,0.00034611585
IE 7,IE 7,CONSUMER_GOOD,0.00034594355
title,title,OTHER,0.0003455717
search-button,search-button,OTHER,0.00034513767
store-button,store-button,OTHER,0.00034507556
subscribe-panel-button,subscribe-panel-button,OTHER,0.00034507556
store-button,store-button,OTHER,0.00034507556
twentyseventeen-section-title,twentyseventeen-section-title,OTHER,0.00034473973
Yoast SEO,Yoast SEO,OTHER,0.00034291553
close-button,close-button,OTHER,0.00034260738
Tag,Tag,OTHER,0.00034170065
Yoast,Yoast,PERSON,0.00034166657
"57332,56128,56423,56128,56418,56128,56421,56128,56430,56128,56423,56128,56447","57332,56128,56423,56128,56418,56128,56421,56128,56430,56128,56423,56128,56447",WORK_OF_ART,0.00033793857
document,document,WORK_OF_ART,0.000333429
document,document,WORK_OF_ART,0.0003313124
href,href,OTHER,0.0003303752
href,href,OTHER,0.00033031858
href,href,OTHER,0.00033029055
href,href,OTHER,0.0003297913
M3,M3,CONSUMER_GOOD,0.00032728014
trackable,trackable,OTHER,0.0003230612
text,text,OTHER,0.0003228009
textwidget,textwidget,OTHER,0.00032228883
"http://en.masumiyetmuzesi.org/"">The Museum of Innocence","http://en.masumiyetmuzesi.org/"">The Museum of Innocence",LOCATION,0.0003218037
Tourism,Tourism,OTHER,0.00031937638
data-category,data-category,OTHER,0.00031937638
data-category,data-category,OTHER,0.00031930942
data-category,data-category,OTHER,0.00031924358
data-category,data-category,OTHER,0.00031911503
title,title,OTHER,0.00031713102
data-title,data-title,OTHER,0.000317088
title,title,OTHER,0.00031704546
title,title,OTHER,0.00031700335
data-categories,data-categories,OTHER,0.0003165039
category,category,OTHER,0.00031641565
category,category,OTHER,0.00031641565
category,category,OTHER,0.00031632936
close-button,close-button,OTHER,0.00031570287
share-button,share-button,OTHER,0.0003145948
icon,icon,WORK_OF_ART,0.00031320448
icon,icon,WORK_OF_ART,0.0003131329
supports,supports,OTHER,0.00031263207
comment-count-icon,comment-count-icon,WORK_OF_ART,0.00031260302
createElement,createElement,CONSUMER_GOOD,0.00031089908
nectar2017\/lib\,nectar2017\/lib\,OTHER,0.00030904327
itemprop,itemprop,OTHER,0.00030796113
width,width,OTHER,0.00030499717
width,width,OTHER,0.00030494973
width,width,OTHER,0.00030481076
guest post,guest post,WORK_OF_ART,0.0003023258
place,place,OTHER,0.00030179188
Rumi,Rumi,PERSON,0.00030124525
background,background,OTHER,0.00030018904
_comscore.push,_comscore.push,EVENT,0.00029905466
potentialAction,potentialAction,OTHER,0.00029890446
Comments,Comments,WORK_OF_ART,0.00029868085
share-button show-comments,share-button show-comments,WORK_OF_ART,0.00029868085
share-button show-comments,share-button show-comments,WORK_OF_ART,0.00029862212
b,b,OTHER,0.00029838432
push,push,OTHER,0.00029828338
getElementsByTagName,getElementsByTagName,OTHER,0.00029828338
push,push,EVENT,0.00029828338
n.,n.,PERSON,0.00029828338
svgUrl,svgUrl,OTHER,0.00029606035
baseUrl,baseUrl,OTHER,0.00029606035
svgExt,svgExt,OTHER,0.00029606035
String.fromCharCode,String.fromCharCode,OTHER,0.0002958458
height,height,OTHER,0.00029401272
height,height,OTHER,0.00029396696
"https://store.bookriot.com/"">Shop The Book Riot Store","https://store.bookriot.com/"">Shop The Book Riot Store",WORK_OF_ART,0.00029373105
height,height,OTHER,0.00029337982
category,category,OTHER,0.00029156767
category,category,OTHER,0.00029156767
data-category,data-category,OTHER,0.0002909545
data-category,data-category,OTHER,0.0002909545
data-category,data-category,OTHER,0.0002909545
data-category,data-category,OTHER,0.00029066257
Tourism,Tourism,OTHER,0.00029066257
data-category,data-category,OTHER,0.00029062273
data-category,data-category,OTHER,0.0002905443
Tourism,Tourism,OTHER,0.0002905443
Tourism,Tourism,OTHER,0.00029050573
data-category,data-category,OTHER,0.00029050573
class,class,OTHER,0.00028914184
<button class,<button class,PERSON,0.00028914184
class,class,PERSON,0.00028910016
class,class,PERSON,0.00028910016
class,class,OTHER,0.00028905898
class,class,OTHER,0.000288958
class,class,OTHER,0.0002889381
class,class,OTHER,0.0002888987
class,class,OTHER,0.00028887918
path,path,OTHER,0.00028730187
media,media,OTHER,0.00028725687
nectar,nectar,OTHER,0.00028725687
media,media,OTHER,0.00028725687
media,media,OTHER,0.00028725687
path,path,OTHER,0.00028724538
media,media,OTHER,0.00028710184
media,media,OTHER,0.00028710184
path,path,OTHER,0.0002869755
author,author,PERSON,0.00028667325
input type,input type,OTHER,0.00028437996
input type,input type,OTHER,0.00028437996
input type,input type,OTHER,0.00028437996
type,type,OTHER,0.00028435412
type,type,OTHER,0.00028435412
style,style,OTHER,0.00028195165
ad-container,ad-container,OTHER,0.0002814097
container,container,OTHER,0.00028127752
data-value,data-value,OTHER,0.00027514997
share-button twitter,share-button twitter,OTHER,0.0002750923
fillText,fillText,OTHER,0.00027444467
name,name,OTHER,0.00027408425
name,name,OTHER,0.00027408425
name,name,OTHER,0.00027408425
name,name,OTHER,0.00027408425
name,name,OTHER,0.00027405933
data-id,data-id,OTHER,0.00027396716
function e,function e,OTHER,0.00027350336
js,js,OTHER,0.0002728716
div,div,OTHER,0.00027266727
div,div,OTHER,0.00027266727
div,div,OTHER,0.00027266727
div,div,OTHER,0.00027260915
div,div,OTHER,0.00027260915
div,div,OTHER,0.00027259
name,name,OTHER,0.00027244742
div,div,OTHER,0.00027242224
div,div,OTHER,0.00027238607
div,div,OTHER,0.00027236814
show-comments,show-comments,WORK_OF_ART,0.00027197588
n,n,OTHER,0.00027137753
t,t,OTHER,0.00027128577
http://schema.org/Article,https://schema.org/Organization,WORK_OF_ART,0.00026737593
https://insiders.bookriot.com/?utm_source=BR&utm_medium=inside_page&utm_campaign=Insiders_BR_inside_page,https://insiders.bookriot.com/?utm_source=BR&utm_medium=inside_page&utm_campaign=Insiders_BR_inside_page,OTHER,0.0002671704
alt,alt,OTHER,0.00026633122
alt,alt,OTHER,0.0002642167
setTimeout,setTimeout,OTHER,0.00026388795
newsletters,newsletters,WORK_OF_ART,0.00026192385
path,path,OTHER,0.00026161416
pages,pages,OTHER,0.0002593868
flag,flag,OTHER,0.00025754326
flag,flag,OTHER,0.00025738394
flag,flag,OTHER,0.00025738394
sailthru.description,sailthru.description,OTHER,0.0002565648
part,part,OTHER,0.0002559126
fbq=function,fbq=function,ORGANIZATION,0.0002555415
f.fbq,f.fbq,OTHER,0.0002555415
version,version,CONSUMER_GOOD,0.00025545506
many,many,PERSON,0.00025434417
article,article,WORK_OF_ART,0.00025144435
value,value,OTHER,0.0002511917
value,value,OTHER,0.0002511917
image,image,WORK_OF_ART,0.00025081672
data-value,data-value,OTHER,0.0002506634
data-value,data-value,OTHER,0.0002506634
data-value,data-value,OTHER,0.0002506634
data-value,data-value,OTHER,0.00025041192
share-button twitter,share-button twitter,OTHER,0.0002503776
alt,alt,OTHER,0.0002429104
alt,alt,OTHER,0.0002428696
alt,alt,OTHER,0.00024282934
function,function,OTHER,0.00024282934
alt,alt,OTHER,0.00024245355
url,url,OTHER,0.0002408155
url,url,OTHER,0.00024066151
data-url,data-url,OTHER,0.000240515
data-url,data-url,OTHER,0.0002404677
text,text,OTHER,0.00023922186
load,load,OTHER,0.00023898236
padding,padding,OTHER,0.00023884766
none,none,OTHER,0.00023848042
thumbnail readordead,thumbnail readordead,PERSON,0.00023835171
visitors,visitors,PERSON,0.00023807064
_qevents,_qevents,EVENT,0.00023775644
var elem,var elem,OTHER,0.00023757906
v,v,OTHER,0.00023741166
return,return,OTHER,0.00023741166
arguments,arguments,OTHER,0.00023733138
arguments,arguments,OTHER,0.00023733138
data-title,data-title,OTHER,0.00023541632
title,title,OTHER,0.00023515338
title,title,OTHER,0.00023513546
title,title,OTHER,0.00023511765
title,title,OTHER,0.00023509996
title,title,OTHER,0.00023508236
title,title,OTHER,0.00023506487
title,title,OTHER,0.00023504748
xml,xml,OTHER,0.00023470812
close-button,close-button,OTHER,0.00023337152
social-buttons,social-buttons,OTHER,0.00023335352
subscribe-button,subscribe-button,OTHER,0.00023326518
subscribe-button,subscribe-button,OTHER,0.00023324783
display,display,OTHER,0.00023272265
xml,xml,OTHER,0.00023236104
0S0,0S0,OTHER,0.00023198314
article,article,WORK_OF_ART,0.00022919691
svg,svg,OTHER,0.00022914108
share-button email,share-button email,WORK_OF_ART,0.00022863927
svg,svg,OTHER,0.0002285936
svg,svg,OTHER,0.00022854866
svg,svg,OTHER,0.00022833393
post-tags,post-tags,WORK_OF_ART,0.00022803381
href,href,OTHER,0.00022801544
href,href,OTHER,0.00022793874
href,href,OTHER,0.00022793874
href,href,OTHER,0.00022792365
href,href,OTHER,0.00022792365
href,href,OTHER,0.00022792365
post-content,post-content,OTHER,0.00022790018
post-navigation,post-navigation,OTHER,0.00022777253
trackable,trackable,OTHER,0.00022322194
North Carolina State University,North Carolina State University,ORGANIZATION,0.00022321398
trackable,trackable,OTHER,0.0002231923
disqus-comment-count,disqus-comment-count,OTHER,0.0002220836
comment-count,comment-count,OTHER,0.0002220836
thumbnail,thumbnail,WORK_OF_ART,0.00022159153
c0-4.3,c0-4.3,OTHER,0.000219906
searchsubmit,searchsubmit,OTHER,0.00021975205
searchform,searchform,OTHER,0.00021975205
search,search,OTHER,0.00021975205
url,url,OTHER,0.000219424
url,url,OTHER,0.00021938984
data-url,data-url,OTHER,0.00021901011
none,none,OTHER,0.00021898071
none,none,OTHER,0.00021895164
case,case,OTHER,0.00021761446
source,source,OTHER,0.00021735154
margin,margin,OTHER,0.00021722903
f.wpemoji,f.wpemoji,OTHER,0.00021722903
f.concatemoji,f.concatemoji,OTHER,0.00021722903
border,border,LOCATION,0.00021722903
1em,1em,OTHER,0.00021722903
1em,1em,OTHER,0.00021722903
f.concatemoji,f.concatemoji,OTHER,0.00021722903
swipebox,swipebox,OTHER,0.0002171118
ajaxurl,ajaxurl,OTHER,0.0002169994
previouspost,previouspost,WORK_OF_ART,0.0002169994
themes,themes,OTHER,0.0002169994
php,php,OTHER,0.0002169994
wordpress,wordpress,OTHER,0.00021659126
c1,c1,OTHER,0.00021640812
protocol,protocol,OTHER,0.00021640812
el,el,OTHER,0.00021632099
protocol,protocol,OTHER,0.00021607525
n.queue,n.queue,OTHER,0.00021584997
category,category,OTHER,0.00021579226
over-links,over-links,OTHER,0.00021576945
over-other,over-other,OTHER,0.00021576945
over-shop,over-shop,OTHER,0.00021576945
over-insiders,over-insiders,OTHER,0.00021576945
sidebar,sidebar,OTHER,0.00021426387
sidebar,sidebar,OTHER,0.0002139954
sidebar,sidebar,OTHER,0.0002139954
sidebar,sidebar,OTHER,0.00021390126
readyState&&c.readyCallback,readyState&&c.readyCallback,PERSON,0.00021379982
readyCallback,readyCallback,CONSUMER_GOOD,0.00021379982
display,display,OTHER,0.0002136937
display,display,OTHER,0.00021366532
head,head,OTHER,0.0002135534
over-container,over-container,OTHER,0.00021343301
over-media,over-media,OTHER,0.00021343301
thumbnail,thumbnail,OTHER,0.00021331784
over-watch_split,over-watch_split,OTHER,0.00021326204
_stq.push,clickTrackerInit,WORK_OF_ART,0.00021297058
icon,icon,WORK_OF_ART,0.00021105104
icon,icon,WORK_OF_ART,0.00021103525
tag-turkey,tag-turkey,LOCATION,0.00020845172
section,section,OTHER,0.00020840093
section,section,OTHER,0.00020825544
svg,svg,OTHER,0.00020815452
pinterest,pinterest,OTHER,0.00020812658
xmlns,xmlns,OTHER,0.00020790301
xmlns,xmlns,OTHER,0.00020790301
application,application,OTHER,0.00020632069
title,title,OTHER,0.00020606641
xmlns,xmlns,OTHER,0.00020597914
The Books,The Books,WORK_OF_ART,0.00020585445
xmlns,xmlns,OTHER,0.00020582395
American,American,LOCATION,0.00020358567
MFA,MFA,ORGANIZATION,0.00020301026
form,form,OTHER,0.00020295155
Begin comScore Tag,Begin comScore Tag,OTHER,0.00020240463
share-count,share-count,OTHER,0.0002023215
comment-count,comment-count,OTHER,0.00020226632
disqus-comment-count,disqus-comment-count,OTHER,0.00020226632
show-comments,show-comments,WORK_OF_ART,0.00020192256
COMMENTS,COMMENTS,WORK_OF_ART,0.00020190576
comments,comments,WORK_OF_ART,0.00020172803
li,li,OTHER,0.0002010397
li,li,OTHER,0.0002010397
background,background,OTHER,0.00019813154
background,background,OTHER,0.00019798226
script,script,WORK_OF_ART,0.00019772504
script,script,WORK_OF_ART,0.00019769919
script,script,WORK_OF_ART,0.00019768636
script,script,WORK_OF_ART,0.0001976736
script,script,WORK_OF_ART,0.0001976736
script,script,WORK_OF_ART,0.0001976736
script,script,WORK_OF_ART,0.0001976609
everythingExceptFlag&&c.,everythingExceptFlag&&c.,OTHER,0.00019757087
input type,input type,OTHER,0.00019626787
type,type,OTHER,0.00019626787
sidebar widget_nectar_site_sections,sidebar widget_nectar_site_sections,OTHER,0.00019625787
sidebar widget_random_content_pro_widget,sidebar widget_random_content_pro_widget,OTHER,0.00019625787
Masthead Email Share,Masthead Email Share,OTHER,0.00019621222
menu,menu,OTHER,0.00019606436
menu,menu,OTHER,0.00019606436
script type,script type,OTHER,0.00019603845
script type,script type,OTHER,0.00019598745
script type,script type,OTHER,0.00019598745
script type,script type,OTHER,0.00019598745
script type,script type,OTHER,0.00019598745
script type,script type,OTHER,0.00019598745
script type,script type,OTHER,0.00019598745
script type,script type,OTHER,0.00019598745
script type,script type,OTHER,0.00019598745
script type,script type,OTHER,0.00019598745
script type,script type,OTHER,0.00019598745
script type,script type,OTHER,0.00019598745
GET,GET,OTHER,0.00019566223
content,content,OTHER,0.00019457749
container,container,OTHER,0.00019448016
menu-footer-container,menu-footer-container,OTHER,0.00019434755
path,path,OTHER,0.00019421334
relative,relative,OTHER,0.0001916909
relative,relative,OTHER,0.00019132887
Array,Array,OTHER,0.00019037705
length,length,OTHER,0.00019037705
canvas,canvas,OTHER,0.00019037705
onreadystatechange,onreadystatechange,OTHER,0.00019014702
emoji,emoji,OTHER,0.00019003985
em,em,OTHER,0.00019003985
box-shadow,box-shadow,CONSUMER_GOOD,0.00019003985
End,End,OTHER,0.0001900248
doc,doc,PERSON,0.00018993727
pdf,pdf,OTHER,0.00018993727
tgz,tgz,OTHER,0.00018993727
zip,zip,OTHER,0.00018993727
selector,selector,PERSON,0.00018993727
int,int,OTHER,0.00018993727
animation,animation,OTHER,0.00018983896
generator,generator,OTHER,0.00018974453
sailthru.tags,sailthru.tags,OTHER,0.00018965373
wpstats,wpstats,OTHER,0.0001894819
data-sumo-platform,data-sumo-platform,OTHER,0.0001894819
amphtml,amphtml,OTHER,0.0001894819
BookRiotInsiders,BookRiotInsiders,OTHER,0.00018934073
name,name,OTHER,0.0001891619
id,id,OTHER,0.00018900276
id,id,OTHER,0.00018900276
id,id,OTHER,0.00018900276
id,id,OTHER,0.00018895308
id,id,OTHER,0.00018895308
script id,script id,OTHER,0.00018894083
subscribe-button facebook,subscribe-button facebook,OTHER,0.00018852435
target,target,OTHER,0.00018615909
value,value,OTHER,0.00018607259
value,value,OTHER,0.00018607259
value,value,OTHER,0.00018607259
value,value,OTHER,0.00018607259
value,value,OTHER,0.00018605568
class,class,OTHER,0.00018452323
class,class,OTHER,0.00018452323
class,class,OTHER,0.00018449922
class,class,OTHER,0.00018445194
class,class,OTHER,0.0001843828
class,class,OTHER,0.0001843828
class,class,OTHER,0.0001843828
class,class,OTHER,0.00018436021
class,class,OTHER,0.00018416622
class,class,OTHER,0.00018396824
classes,classes,OTHER,0.00018385713
emoji4,emoji4,OTHER,0.00018257464
This Post,This Post,OTHER,0.00018167552
src,src,OTHER,0.00018028673
src,src,OTHER,0.00018028673
src,src,OTHER,0.00018028673
alt,alt,OTHER,0.00017988795
alt,alt,OTHER,0.00017973884
genre-newsletter genre-newsletter,genre-newsletter genre-newsletter,WORK_OF_ART,0.000176882
newsletter,newsletter,WORK_OF_ART,0.00017684948
newsletter,newsletter,WORK_OF_ART,0.00017678585
genre-newsletter,genre-newsletter,WORK_OF_ART,0.00017675471
Page,Page,OTHER,0.00017659084
https://www.youtube.com/user/BookRiotVideo,https://www.youtube.com/user/BookRiotVideo,OTHER,0.00017534845
http://instagram.com/bookriot,http://instagram.com/bookriot,OTHER,0.00017533533
http://bookriot.tumblr.com/,http://bookriot.tumblr.com/,OTHER,0.00017532228
https://www.snapchat.com/add/bookriot,https://www.snapchat.com/add/bookriot,OTHER,0.00017530931
search-bar,search-bar,OTHER,0.00017484605
search-bar,search-bar,OTHER,0.00017484605
whiteout-bar,whiteout-bar,OTHER,0.00017484605
relative,relative,OTHER,0.00017425572
div,div,OTHER,0.00017405704
div,div,OTHER,0.00017403417
div,div,OTHER,0.00017398912
div,div,OTHER,0.00017394498
div,div,OTHER,0.00017390172
div,div,OTHER,0.00017385931
div,div,OTHER,0.00017351072
facebookShare,facebookShare,OTHER,0.00017284536
Newsletter Signup,Newsletter Signup,OTHER,0.00017167724
logo,logo,WORK_OF_ART,0.00017151887
space,space,LOCATION,0.00017126705
xlink,xlink,OTHER,0.00017126705
data-identifier,data-identifier,OTHER,0.00017126705
data-identifier,data-identifier,OTHER,0.00017123338
twitterShare,twitterShare,OTHER,0.00017017811
Segment Pixel,Segment Pixel,OTHER,0.00017006627
Segment Pixel,Segment Pixel,ORGANIZATION,0.00017006627
fb,fb,OTHER,0.00017001429
article,article,WORK_OF_ART,0.00016987669
Children,Children,PERSON,0.00016981822
Comics,Comics,WORK_OF_ART,0.00016981822
childrens,childrens,PERSON,0.00016981822
Audiobooks,Audiobooks,CONSUMER_GOOD,0.00016981822
romance,romance,OTHER,0.0001697719
Romance,Romance,OTHER,0.0001697719
science-fiction-fantasy,science-fiction-fantasy,OTHER,0.0001697719
space,space,OTHER,0.00016968219
xlink,xlink,OTHER,0.00016968219
version,version,CONSUMER_GOOD,0.00016968219
space,space,LOCATION,0.00016955433
xlink,xlink,OTHER,0.00016955433
version,version,CONSUMER_GOOD,0.00016955433
addEventListener,addEventListener,PERSON,0.00016912112
placeholder,placeholder,OTHER,0.00016617938
action,action,OTHER,0.00016617938
mobile,mobile,OTHER,0.00016609335
mobile,mobile,OTHER,0.00016580526
text,text,OTHER,0.00016492249
text,text,OTHER,0.00016487957
text,text,OTHER,0.00016487957
text,text,OTHER,0.00016487957
text,text,OTHER,0.00016487957
text,text,OTHER,0.00016487957
text,text,OTHER,0.00016487957
text,text,OTHER,0.00016487957
text,text,OTHER,0.00016487957
text,text,OTHER,0.00016487957
text,text,OTHER,0.00016487957
text,text,OTHER,0.00016487957
books,books,WORK_OF_ART,0.00016370468
none,none,OTHER,0.00016269555
data-url,data-url,OTHER,0.00016259827
title,title,OTHER,0.00016257787
title,title,OTHER,0.00016256663
title,title,OTHER,0.00016255546
title,title,OTHER,0.00016254434
title,title,OTHER,0.0001625333
title,title,OTHER,0.0001625223
title,title,OTHER,0.00016251137
writer,writer,PERSON,0.00016195676
/button,/button,OTHER,0.00016141261
social-buttons,social-buttons,OTHER,0.00016133233
subscribe-button,subscribe-button,OTHER,0.00016127687
subscribe-button,subscribe-button,OTHER,0.00016126595
Subscribe button,Subscribe button,OTHER,0.00016120171
display,display,OTHER,0.00015876736
sidebar,sidebar,OTHER,0.00015858185
post,post,WORK_OF_ART,0.00015752685
post,post,OTHER,0.00015726888
childrens,childrens,PERSON,0.00015648165
Children,Children,PERSON,0.00015648165
Comics,Comics,WORK_OF_ART,0.00015648165
Audiobooks,Audiobooks,CONSUMER_GOOD,0.00015648165
romance,romance,OTHER,0.00015645428
Romance,Romance,OTHER,0.00015645428
logo,logo,WORK_OF_ART,0.00015622372
status,status,OTHER,0.00015617597
data-identifier,data-identifier,OTHER,0.00015595331
SiteSectionSidebar,SiteSectionSidebar,OTHER,0.0001551849
email,email,WORK_OF_ART,0.00015469993
Email,Email,WORK_OF_ART,0.00015469993
footer,footer,OTHER,0.00015437785
subscribe-button pinterest,subscribe-button pinterest,OTHER,0.00015434258
tumblr,tumblr,OTHER,0.00015430793
"https://bookriot.com/join-us/"">Join Us","https://bookriot.com/join-us/"">Join Us",OTHER,0.00015418288
form,form,OTHER,0.00015029668
disqus-comment-count,disqus-comment-count,OTHER,0.0001501545
comment-count,comment-count,OTHER,0.0001501545
Sharebar Twitter,Sharebar Twitter,OTHER,0.00014818601
Search,Search,WORK_OF_ART,0.00014669225
sidebar widget_random_content_pro_widget,sidebar widget_random_content_pro_widget,OTHER,0.00014546046
comments-header,comments-header,OTHER,0.00014537999
search-field search-autocomplete,search-field search-autocomplete,OTHER,0.00014537934
method,method,OTHER,0.00014537934
fullwidth,fullwidth,OTHER,0.00014527966
widget_nectar_podcast_subscribe,widget_nectar_podcast_subscribe,PERSON,0.00014523939
DOMReady,DOMReady,PERSON,0.00014517542
publisher,publisher,ORGANIZATION,0.0001451397
format-standard,format-standard,OTHER,0.00014509534
padding,padding,OTHER,0.00014507356
auto,auto,OTHER,0.00014507356
label,label,OTHER,0.00014507356
label,label,OTHER,0.00014507356
label,label,OTHER,0.00014507356
M100,M100,OTHER,0.00014506
fullwidth,fullwidth,OTHER,0.00014503078
C35,C35,CONSUMER_GOOD,0.00014488847
share-button reddit,share-button reddit,OTHER,0.0001448498
mailto,mailto,OTHER,0.0001447717
icon-envelope,icon-envelope,WORK_OF_ART,0.00014474231
nav-content-right,nav-content-right,OTHER,0.00014457539
style,style,OTHER,0.00014427975
neighborhood,neighborhood,LOCATION,0.00014352442
Podcast,Podcast,WORK_OF_ART,0.00014337423
C2,C2,OTHER,0.0001433015
points,points,OTHER,0.00014326621
javascript,javascript,OTHER,0.00014263846
book,book,WORK_OF_ART,0.00014144025
elem.,elem.,OTHER,0.00014061086
BookRiot_DoubleOptIn,BookRiot_DoubleOptIn,OTHER,0.0001405505
subscribe-button youtube,subscribe-button youtube,OTHER,0.00014036163
Werewolf Led Me To Books,Werewolf Led Me To Books,WORK_OF_ART,0.00014027779
"https://bookriot.com/sitemap/"">Sitemap</a></li","https://bookriot.com/sitemap/"">Sitemap</a></li",OTHER,0.00013672448
"https://bookriot.com/privacy/"">Privacy</a></li","https://bookriot.com/privacy/"">Privacy</a></li",OTHER,0.00013672448
itemprop,itemprop,OTHER,0.00013561964
background,background,OTHER,0.00013514004
subscribe-button snapchat,subscribe-button snapchat,OTHER,0.00013498371
qacct,p-c54G_RnM5lvok,OTHER,0.00013486648
jQuery,jQuery,OTHER,0.0001348314
postID,postID,OTHER,0.00013480664
path,path,OTHER,0.00013420967
Subscribe,Subscribe,OTHER,0.00013230111
top_takeover_ads,top_takeover_ads,OTHER,0.00013217427
Insiders,Insiders,PERSON,0.00013194213
margin,margin,OTHER,0.00013194213
300x600,300x600,OTHER,0.00013194213
subscribe-button facebook,subscribe-button facebook,OTHER,0.00013033915
booksellers,booksellers,ORGANIZATION,0.0001301632
museums.,museums.,OTHER,0.00012955353
relative,relative,OTHER,0.00012937088
relative,relative,OTHER,0.00012936012
getContext&&j.getContext,getContext&&j.getContext,WORK_OF_ART,0.00012879436
internal_label,internal_label,OTHER,0.00012849685
inbound_paths,inbound_paths,LOCATION,0.00012849685
home_url,home_url,LOCATION,0.00012849685
wp-admin\/admin-ajax.php,wp-admin\/admin-ajax.php,OTHER,0.00012843033
WordPress 4.8.3,WordPress 4.8.3,OTHER,0.00012836645
xml+oembed,xml+oembed,ORGANIZATION,0.00012836645
BEGIN Sailthru Horizon Meta Information,BEGIN Sailthru Horizon Meta Information,OTHER,0.00012830501
comScore,comScore,ORGANIZATION,0.0001280288
callMethod,callMethod,OTHER,0.00012779323
callMethod.,callMethod.,OTHER,0.00012775001
bar bar1,bar bar1,LOCATION,0.00012681463
bar bar3,bar bar3,LOCATION,0.00012681463
bar bar2,bar bar2,LOCATION,0.00012681463
Book Riot,Book Riot,WORK_OF_ART,0.00012671009
st0,st0,OTHER,0.00012645619
script,script,WORK_OF_ART,0.00012595818
br,br,OTHER,0.00012556402
thumbnail allthebooks,thumbnail allthebooks,OTHER,0.00012549479
thumbnail thepodcast,thumbnail thepodcast,WORK_OF_ART,0.00012546127
thumbnail sffyeah,thumbnail sffyeah,OTHER,0.00012546127
thumbnail heyya,thumbnail heyya,OTHER,0.00012546127
function,function,OTHER,0.00012408715
function,function,OTHER,0.00012407108
content,content,OTHER,0.00012403887
abs,abs,OTHER,0.00012363789
Sharebar Pinterest,Sharebar Pinterest,OTHER,0.00012317879
pinterestShare,pinterestShare,OTHER,0.00012317879
many,many,PERSON,0.00012313177
action,action,OTHER,0.00012310897
action,action,OTHER,0.00012309769
mobile,mobile,OTHER,0.0001229077
disqus-body,disqus-body,OTHER,0.00012283972
id,id,OTHER,0.000120528835
id,id,OTHER,0.00012038569
icon-instagram,icon-instagram,OTHER,0.00011858608
view,view,OTHER,0.00011722718
island,island,LOCATION,0.00011596783
data-identifier,data-identifier,OTHER,0.00011578257
content-area,content-area,LOCATION,0.000115753865
comments-area,comments-area,LOCATION,0.00011567102
comments-area,comments-area,LOCATION,0.00011567102
Newsletter Signup,Newsletter Signup,OTHER,0.00011558421
300px,300px,OTHER,0.00011542721
social-share-stack,social-share-stack,OTHER,0.00011534355
Elif Şafak,Elif Şafak,PERSON,0.00011498919
var,var,OTHER,0.00011476574
h++,h++,OTHER,0.00011267342
DOMContentLoaded,DOMContentLoaded,WORK_OF_ART,0.00011253729
hash_tracking,hash_tracking,OTHER,0.000112413145
rlArgs,rlArgs,OTHER,0.000112413145
is_debug_mode,is_debug_mode,OTHER,0.000112413145
download_extensions,download_extensions,OTHER,0.000112413145
woocommerce_gallery,woocommerce_gallery,WORK_OF_ART,0.00011235495
shortlink,shortlink,OTHER,0.000112299065
none,none,OTHER,0.00011221303
Shop,Shop,ORGANIZATION,0.00011218724
57e4798a737294361a40e8dc21f7283b8fe570eb63c3d4852842d72968055dbb,57e4798a737294361a40e8dc21f7283b8fe570eb63c3d4852842d72968055dbb,OTHER,0.00011214362
""".scorecardresearch.com/beacon.js",``.scorecardresearch.com/beacon.js,OTHER,0.000112003676
""".quantserve.com/quant.js",``.quantserve.com/quant.js,OTHER,0.00011183646
room,room,LOCATION,0.000110700945
Leon Trotsky,Leon Trotsky,PERSON,0.000110695575
café,café,LOCATION,0.0001105877
bus ride,bus ride,EVENT,0.00010773981
plane ride,plane ride,EVENT,0.00010773981
mustard,mustard,OTHER,0.0001075949
mustard,mustard,OTHER,0.00010758577
mustard,mustard,OTHER,0.00010758577
padding,padding,OTHER,0.00010752354
fullwidth,fullwidth,OTHER,0.00010751488
svg,svg,OTHER,0.000106783285
email,email,WORK_OF_ART,0.00010677557
email,email,OTHER,0.00010677557
email,email,WORK_OF_ART,0.00010677557
email,email,WORK_OF_ART,0.00010677557
mobile-footer,mobile-footer,OTHER,0.000106737636
subscribe-button pinterest,subscribe-button pinterest,OTHER,0.000106708045
tumblr,tumblr,OTHER,0.000106686275
tag,tag,OTHER,0.000106650754
&nbsp,&nbsp,OTHER,0.00010484727
booklover,booklover,PERSON,0.0001043976
book,book,WORK_OF_ART,0.00010434028
book,book,WORK_OF_ART,0.00010432911
bookstores,bookstores,LOCATION,0.00010430706
books,books,WORK_OF_ART,0.00010430706
books,books,WORK_OF_ART,0.00010429617
books,books,WORK_OF_ART,0.00010429617
books,books,WORK_OF_ART,0.000104264036
books,books,WORK_OF_ART,0.000104243045
books,books,WORK_OF_ART,0.00010423268
bookstore,bookstore,LOCATION,0.00010422238
book,book,WORK_OF_ART,0.00010421217
title,title,OTHER,0.000103769795
form,form,OTHER,0.000103747545
title,title,OTHER,0.00010371819
AuthorPageview,AuthorPageview,WORK_OF_ART,0.0001033762
share-button,share-button,OTHER,0.000103007405
BOOK RIOT Feed,BOOK RIOT Feed,OTHER,0.00010059145
post-header,post-header,WORK_OF_ART,0.00010044379
peek,peek,OTHER,9.981649e-05
width,width,OTHER,9.9469995e-05
Share,Share,OTHER,9.875194e-05
trip,trip,EVENT,9.798752e-05
love,love,OTHER,9.797828e-05
shrine,shrine,LOCATION,9.79691e-05
Terms of Service,Terms of Service,WORK_OF_ART,9.7889504e-05
season,season,EVENT,9.788097e-05
Season,Season,WORK_OF_ART,9.787249e-05
prev,prev,OTHER,9.7751945e-05
Discussion,Discussion,OTHER,9.773673e-05
subscribe-button youtube,subscribe-button youtube,OTHER,9.70425e-05
manuscripts,manuscripts,WORK_OF_ART,9.688664e-05
height,height,OTHER,9.600003e-05
data-category,data-category,OTHER,9.513189e-05
data-category,data-category,OTHER,9.511951e-05
Masthead,Masthead,OTHER,9.424824e-05
Riot,Riot,ORGANIZATION,9.3811e-05
subscribe-button snapchat,subscribe-button snapchat,OTHER,9.332616e-05
push,push,OTHER,9.330137e-05
_stq.push,_stq.push,EVENT,9.3271105e-05
col-md-4,col-md-4,LOCATION,9.240671e-05
style,style,OTHER,9.192026e-05
Tweet This Post,Tweet This Post,WORK_OF_ART,8.95754e-05
Community,Community,OTHER,8.8960966e-05
West,West,LOCATION,8.890795e-05
center,center,OTHER,8.889126e-05
name,name,OTHER,8.881857e-05
"https://insiders.bookriot.com/?utm_source=BR&utm_medium=menu_link&utm_campaign=Insiders_BR_menu_link"">Join Insiders","https://insiders.bookriot.com/?utm_source=BR&utm_medium=menu_link&utm_campaign=Insiders_BR_menu_link"">Join Insiders",PERSON,8.58521e-05
Sharebar Reddit,Sharebar Reddit,ORGANIZATION,8.572769e-05
redditShare,redditShare,OTHER,8.572769e-05
façade,façade,LOCATION,8.572246e-05
road,road,LOCATION,8.572246e-05
pilgrimage,pilgrimage,EVENT,8.572246e-05
poems,poems,WORK_OF_ART,8.5714375e-05
acceptance,acceptance,OTHER,8.5714375e-05
spirituality,spirituality,OTHER,8.5714375e-05
mausoleum,mausoleum,LOCATION,8.570635e-05
tomb,tomb,OTHER,8.570635e-05
followers,followers,PERSON,8.570635e-05
template,template,OTHER,8.568264e-05
TBR,TBR,OTHER,8.56518e-05
holiday gear,holiday gear,OTHER,8.5629246e-05
deck,deck,OTHER,8.5629246e-05
halls,halls,LOCATION,8.5629246e-05
Readings sweatshirt,Readings sweatshirt,OTHER,8.562183e-05
keywords,keywords,OTHER,8.561447e-05
post-tags,post-tags,OTHER,8.5592685e-05
mid_ads,mid_ads,OTHER,8.555038e-05
M5.1,M5.1,LOCATION,8.554967e-05
Roleplaying Game,Roleplaying Game,WORK_OF_ART,8.551637e-05
ways,ways,OTHER,8.549647e-05
action,action,OTHER,8.496758e-05
js,js,OTHER,8.4844854e-05
js,js,OTHER,8.4844854e-05
var js,var js,OTHER,8.4844854e-05
body,body,OTHER,8.4823005e-05
Conversation,Conversation,OTHER,8.44188e-05
data-value,data-value,OTHER,8.1957114e-05
data-value,data-value,OTHER,8.1946455e-05
target,target,OTHER,8.179854e-05
target,target,OTHER,8.175363e-05
target,target,OTHER,8.1669314e-05
Pinterest,Pinterest,OTHER,8.096274e-05
newsletter-signup,newsletter-signup,OTHER,8.0008955e-05
input-wrap,input-wrap,OTHER,7.999736e-05
rnmg-logo,rnmg-logo,OTHER,7.996894e-05
part,part,OTHER,7.9903846e-05
alt,alt,OTHER,7.923565e-05
alt,alt,OTHER,7.914258e-05
page,page,OTHER,7.771799e-05
everyone,everyone,PERSON,7.681791e-05
CACHEBUSTER,CACHEBUSTER,OTHER,7.610038e-05
Read Harder,Read Harder,OTHER,7.510598e-05
"https://bookriot.com/book-group-resources/"">Book Group Resources<","https://bookriot.com/book-group-resources/"">Book Group Resources<",OTHER,7.508817e-05
"https://bookriot.com/about/community-guidelines/"">Community Guidelines<","https://bookriot.com/about/community-guidelines/"">Community Guidelines<",WORK_OF_ART,7.50707e-05
article,article,WORK_OF_ART,7.491692e-05
views,views,OTHER,7.479864e-05
views,views,OTHER,7.4693635e-05
artists,artists,PERSON,7.464887e-05
method,method,OTHER,7.4332165e-05
input-group,input-group,ORGANIZATION,7.4332165e-05
controls-group,controls-group,ORGANIZATION,7.4332165e-05
newsletter-registration-btn,newsletter-registration-btn,OTHER,7.432676e-05
return,return,OTHER,7.42248e-05
fb-root,fb-root,OTHER,7.42248e-05
v,v,OTHER,7.421043e-05
M18,M18,ORGANIZATION,7.41772e-05
M18.3,M18.3,CONSUMER_GOOD,7.41772e-05
M33,M33,LOCATION,7.41772e-05
H18c-0.2,H18c-0.2,PERSON,7.41772e-05
96S152.,96S152.,OTHER,7.415928e-05
post-title,post-title,WORK_OF_ART,7.329286e-05
trackable,trackable,OTHER,7.3077754e-05
https://2982-presscdn-29-70-pagely.netdna-ssl.com/wp-content/uploads/2016/04/SSM_Atli_Kosk-50x35.jpg,https://2982-presscdn-29-70-pagely.netdna-ssl.com/wp-content/uploads/2016/04/SSM_Atli_Kosk-50x35.jpg,OTHER,7.301399e-05
Cos,Cos,OTHER,7.242399e-05
none,none,OTHER,7.169851e-05
none,none,OTHER,7.168918e-05
site,site,OTHER,7.143268e-05
city,city,LOCATION,7.065524e-05
display,display,OTHER,6.9967326e-05
display,display,OTHER,6.995822e-05
side,side,OTHER,6.983195e-05
side,side,OTHER,6.9749716e-05
Pin This Post,Pin This Post,OTHER,6.911433e-05
14px 20px 24px,14px 20px 24px,ORGANIZATION,6.83139e-05
tumblr,tumblr,OTHER,6.8144436e-05
share-button email,share-button email,WORK_OF_ART,6.812679e-05
svg,svg,OTHER,6.811811e-05
tag-turkey,tag-turkey,LOCATION,6.806778e-05
sizes,sizes,OTHER,6.801259e-05
src,src,ORGANIZATION,6.7989386e-05
inbox,inbox,OTHER,6.760374e-05
novalidate,novalidate,OTHER,6.760374e-05
one,one,PERSON,6.645845e-05
park,park,LOCATION,6.574043e-05
header,header,OTHER,6.410309e-05
Sign Up,Sign Up,OTHER,6.3728716e-05
milongas,milongas,OTHER,6.325395e-05
Sailthru.,Sailthru.,LOCATION,6.3103165e-05
xmlns,xmlns,OTHER,6.195216e-05
shopping,shopping,OTHER,6.18289e-05
shops,shops,LOCATION,6.179608e-05
shops,shops,LOCATION,6.177704e-05
shops,shops,LOCATION,6.17708e-05
twist,twist,OTHER,6.002496e-05
island,island,LOCATION,5.9966846e-05
background,background,OTHER,5.9591694e-05
Posts by Community,Posts by Community,WORK_OF_ART,5.9438735e-05
arrow,arrow,OTHER,5.913741e-05
Ears,Ears,OTHER,5.9128884e-05
labels,labels,OTHER,5.906401e-05
MarketPlace,MarketPlace,OTHER,5.9052454e-05
setup,setup,OTHER,5.904864e-05
srv,srv,OTHER,5.904485e-05
tz,tz,OTHER,5.904485e-05
blog,blog,OTHER,5.904485e-05
SSocial Share,SSocial Share,OTHER,5.8467293e-05
"https://sacredsites.com/middle_east/turkey/shrine_of_rumi_konya.html"">Rumi Shrine","https://sacredsites.com/middle_east/turkey/shrine_of_rumi_konya.html"">Rumi Shrine",PERSON,5.799229e-05
relative,relative,OTHER,5.700283e-05
author,author,PERSON,5.6995847e-05
author,author,PERSON,5.6995847e-05
creative writing,creative writing,OTHER,5.6961908e-05
art museum,art museum,LOCATION,5.6929508e-05
writers,writers,PERSON,5.6834742e-05
ferry ride,ferry ride,EVENT,5.6434106e-05
home,home,LOCATION,5.6080942e-05
some,some,OTHER,5.5696622e-05
d.getElementsByTagName,d.getElementsByTagName,OTHER,5.5211603e-05
getElementById,getElementById,OTHER,5.5211603e-05
share-button-toggle,share-button-toggle,OTHER,5.419752e-05
city,city,LOCATION,5.4132033e-05
places,places,LOCATION,5.411966e-05
city.</p,city.</p,OTHER,5.411966e-05
city,city,LOCATION,5.411356e-05
Many,Many,PERSON,5.4060984e-05
city,city,LOCATION,5.4049833e-05
cable car,cable car,CONSUMER_GOOD,5.136679e-05
ferry,ferry,OTHER,5.1361512e-05
version,version,CONSUMER_GOOD,5.1034567e-05
xlink,xlink,OTHER,5.1034567e-05
space,space,LOCATION,5.1034567e-05
status,status,OTHER,5.0996856e-05
content-area,content-area,LOCATION,5.0996856e-05
parts,parts,OTHER,5.091667e-05
one,one,OTHER,5.0900726e-05
parts,parts,LOCATION,5.0895498e-05
top,top,OTHER,5.0895498e-05
book center,book center,LOCATION,5.089031e-05
island,island,LOCATION,5.085515e-05
stop,stop,LOCATION,5.0768223e-05
My Life,My Life,OTHER,5.0738123e-05
feel.,feel.,OTHER,5.0733302e-05
Konya,Konya,LOCATION,5.0733302e-05
Sufism,Sufism,OTHER,5.072852e-05
café,café,LOCATION,5.07141e-05
stop,stop,LOCATION,5.0708935e-05
Tis,Tis,OTHER,5.0678136e-05
btn-cta,btn-cta,OTHER,4.9600432e-05
wp-image-95395,wp-image-95395,OTHER,4.8410966e-05
Akmar,Akmar,PERSON,4.7675305e-05
format-standard,format-standard,OTHER,4.737849e-05
fiction,fiction,OTHER,4.736172e-05
university,university,ORGANIZATION,4.7356232e-05
charm,charm,OTHER,4.7356232e-05
history,history,OTHER,4.734541e-05
websites,websites,OTHER,4.734541e-05
more,more,OTHER,4.734541e-05
neighborhood,neighborhood,LOCATION,4.734007e-05
old,old,OTHER,4.733478e-05
history,history,OTHER,4.7319187e-05
side street,side street,LOCATION,4.7314075e-05
more,more,OTHER,4.7314075e-05
languages,languages,OTHER,4.729901e-05
tea,tea,CONSUMER_GOOD,4.728432e-05
tea,tea,OTHER,4.7274723e-05
languages,languages,OTHER,4.7269983e-05
neighborhood,neighborhood,LOCATION,4.726528e-05
language,language,OTHER,4.7260615e-05
tea,tea,OTHER,4.7260615e-05
novels,novels,WORK_OF_ART,4.724231e-05
souvenir.,souvenir.,OTHER,4.609176e-05
snack,snack,OTHER,4.6063924e-05
rhyme,rhyme,OTHER,4.4352666e-05
articleBody,articleBody,WORK_OF_ART,4.4294036e-05
Begin FB Root,Begin FB Root,OTHER,4.392853e-05
End FB Root,End FB Root,OTHER,4.392853e-05
mailto,mailto,OTHER,4.313273e-05
icon-envelope,icon-envelope,WORK_OF_ART,4.3127176e-05
Social Networks,Social Networks,OTHER,4.312168e-05
srcset,srcset,OTHER,4.3105512e-05
educator,educator,PERSON,4.3079603e-05
love,love,OTHER,4.3069576e-05
trip,trip,EVENT,4.3059732e-05
point,point,OTHER,4.3050066e-05
iPads,iPads,CONSUMER_GOOD,4.3045296e-05
stars,stars,PERSON,4.304057e-05
chapter,chapter,WORK_OF_ART,4.302663e-05
piles,piles,OTHER,4.3013046e-05
coffee,coffee,OTHER,4.3004173e-05
piles,piles,OTHER,4.2991134e-05
poet,poet,PERSON,4.2986856e-05
coffee,coffee,OTHER,4.2982614e-05
poetry chapbooks,poetry chapbooks,OTHER,4.2982614e-05
front,front,OTHER,4.2978405e-05
visionaries,visionaries,OTHER,4.2978405e-05
them.,them.,OTHER,4.2974225e-05
intelligentsia,intelligentsia,PERSON,4.2974225e-05
tumblrShare,tumblrShare,OTHER,4.032993e-05
Sharebar Tumblr,Sharebar Tumblr,OTHER,4.032993e-05
Sharebar Email,Sharebar Email,WORK_OF_ART,4.0324685e-05
way,way,OTHER,4.011426e-05
M10,M10,WORK_OF_ART,4.000702e-05
M10,M10,ORGANIZATION,4.000702e-05
"http://riotadnetwork.com/"">Riot Ad Network","http://riotadnetwork.com/"">Riot Ad Network",OTHER,3.9962648e-05
fjs,fjs,OTHER,3.995214e-05
nextLink,nextLink,OTHER,3.9946968e-05
startPage,startPage,OTHER,3.9946968e-05
Podcast material,Podcast material,OTHER,3.9395545e-05
Sakıp Sabancı Museum,Sakıp Sabancı Museum,LOCATION,3.8005775e-05
caption,caption,OTHER,3.7738617e-05
photo,photo,WORK_OF_ART,3.77099e-05
journals,journals,WORK_OF_ART,3.768282e-05
nonfiction,nonfiction,OTHER,3.768282e-05
husband,husband,PERSON,3.767846e-05
attractions,attractions,OTHER,3.7674134e-05
spice bazaars,spice bazaars,OTHER,3.7674134e-05
things,things,OTHER,3.7669848e-05
sight,sight,OTHER,3.7669848e-05
travel magazines,travel magazines,WORK_OF_ART,3.7669848e-05
desk,desk,OTHER,3.766139e-05
floor,floor,LOCATION,3.7657217e-05
men,men,PERSON,3.765308e-05
horses,horses,OTHER,3.765308e-05
courtiers,courtiers,PERSON,3.765308e-05
sky,sky,LOCATION,3.765308e-05
hub,hub,LOCATION,3.764898e-05
restaurants,restaurants,LOCATION,3.764898e-05
nightlife,nightlife,OTHER,3.764898e-05
performance art piece,performance art piece,WORK_OF_ART,3.7644917e-05
skyline,skyline,LOCATION,3.763689e-05
maps,maps,OTHER,3.763293e-05
lithographs,lithographs,OTHER,3.763293e-05
cats,cats,OTHER,3.7629e-05
atmosphere,atmosphere,OTHER,3.7629e-05
street vendors,street vendors,ORGANIZATION,3.7625105e-05
lunch,lunch,OTHER,3.7625105e-05
panorama.</p,panorama.</p,OTHER,3.762124e-05
glasses,glasses,OTHER,3.7613605e-05
stools,stools,OTHER,3.7613605e-05
reason,reason,OTHER,3.7609836e-05
organization,organization,ORGANIZATION,3.7609836e-05
shelves,shelves,OTHER,3.7609836e-05
fashion,fashion,OTHER,3.7606093e-05
arts,arts,OTHER,3.760238e-05
treatises,treatises,OTHER,3.760238e-05
tango dances,tango dances,OTHER,3.760238e-05
garden,garden,LOCATION,3.760238e-05
beer,beer,CONSUMER_GOOD,3.760238e-05
work,work,OTHER,3.7598697e-05
table,table,OTHER,3.7598697e-05
academics,academics,PERSON,3.7598697e-05
coast,coast,LOCATION,3.7595044e-05
biggest,biggest,OTHER,3.7595044e-05
collection,collection,OTHER,3.7182544e-05
appeal,appeal,OTHER,3.602166e-05
99fa4c9d-fb34-4c10-a4cf-dfbd33831912,99fa4c9d-fb34-4c10-a4cf-dfbd33831912,PERSON,3.4948964e-05
maxPages,maxPages,OTHER,3.494671e-05
Sailthru Horizon Sync,Sailthru Horizon Sync,ORGANIZATION,3.494671e-05
Galata,Galata,LOCATION,3.3987813e-05
bit,bit,OTHER,3.27456e-05
people,people,PERSON,3.2354437e-05
datePublished,datePublished,ORGANIZATION,3.205969e-05
dateModified,dateModified,OTHER,3.20558e-05
Nazım Hikmet Cultural Center,Nazım Hikmet Cultural Center,PERSON,3.0109266e-05
Princes Islands,Princes Islands,LOCATION,3.0100418e-05
mainEntityOfPage,mainEntityOfPage,OTHER,2.8053597e-05
Istiklal Street,Istiklal Street,LOCATION,2.8004813e-05
History of the Russian Revolution,History of the Russian Revolution,WORK_OF_ART,2.7959317e-05
French,French,LOCATION,2.6625523e-05
iPad,iPad,CONSUMER_GOOD,2.547821e-05
vcard fn,vcard fn,OTHER,2.2314995e-05
East,East,LOCATION,2.2299122e-05
Blue Mosque,Blue Mosque,ORGANIZATION,2.2296563e-05
Hagia Sophia,Hagia Sophia,ORGANIZATION,2.2296563e-05
Bosphorous,Bosphorous,LOCATION,2.2296563e-05
SSM_Atli_Kosk,SSM_Atli_Kosk,OTHER,2.2291511e-05
Emirgan,Emirgan,LOCATION,2.2291511e-05
European,European,LOCATION,2.2291511e-05
Koran,Koran,WORK_OF_ART,2.2286551e-05
Orhan Pamuk,Orhan Pamuk,PERSON,2.2279273e-05
Galata Tower,Galata Tower,LOCATION,2.2274522e-05
Ottoman,Ottoman,PERSON,2.2269853e-05
Pierre Loti Hill,Pierre Loti Hill,PERSON,2.2267546e-05
Galata Bridge,Galata Bridge,LOCATION,2.2267546e-05
Golden Horn,Golden Horn,LOCATION,2.226526e-05
Asian,Asian,LOCATION,2.226526e-05
English,English,OTHER,2.2256294e-05
Moda,Moda,LOCATION,2.2256294e-05
Soviet Union,Soviet Union,LOCATION,2.2245478e-05
