entity,name,type,salience,city,country
class,class,OTHER,0.0274637,New York,US
text,text,OTHER,0.022496393,New York,US
content,content,OTHER,0.019849058,New York,US
class,class,OTHER,0.015441374,New York,US
property,property,OTHER,0.014760497,New York,US
createElement,b.createElement,OTHER,0.013826199,New York,US
javascript,javascript,OTHER,0.01323763,New York,US
image,image,WORK_OF_ART,0.012182629,New York,US
tumblr,Sharebar Tumblr,OTHER,0.011082366,New York,US
parentNode.insertBefore,parentNode.insertBefore,OTHER,0.008498222,New York,US
__gaTracker,__gaTracker,WORK_OF_ART,0.0083554145,New York,US
title,title,OTHER,0.008151804,New York,US
property,property,OTHER,0.007978209,New York,US
NYC,"https://bookriot.com/tag/nyc/"">NYC</a",LOCATION,0.007973725,New York,US
content,content,OTHER,0.0076987427,New York,US
xml,rss+xml,OTHER,0.0076968884,New York,US
xmlns,xmlns,OTHER,0.0067203864,New York,US
map,map,WORK_OF_ART,0.005703127,New York,US
map,map,WORK_OF_ART,0.005703127,New York,US
Bookstore,Bookstore,LOCATION,0.0054552844,New York,US
__gaTrackerIsOptedOut,__gaTrackerIsOptedOut,OTHER,0.0049562133,New York,US
Share,Masthead Email Share,OTHER,0.0048987777,New York,US
content,content,OTHER,0.004816326,New York,US
css,css,OTHER,0.0047356635,New York,US
Quantcast Tag,Quantcast Tag,OTHER,0.00456006,New York,US
class,class,OTHER,0.004491162,New York,US
device-width,device-width,OTHER,0.004235673,New York,US
class,class,OTHER,0.0042020115,New York,US
fa-2,fa-2,OTHER,0.0038624147,New York,US
javascript,javascript,OTHER,0.003798999,New York,US
script,script,WORK_OF_ART,0.0037677935,New York,US
UTF-8,UTF-8,OTHER,0.0034465147,New York,US
bookstores,bookstores,LOCATION,0.003400269,New York,US
My Quest to Visit Every Bookstore,http://pinterest.com/pin/create/button/?url=https://bookriot.com/2017/03/22/my-quest-to-visit-every-bookstore-in-nyc/&amp;media=https://2982-presscdn-29-70-pagely.netdna-ssl.com/wp-content/uploads/2017/03/Bluestockings-Bookstore-e1490112318261.jpg&amp;description=My Quest,OTHER,0.0033261157,New York,US
Bookstore,Bookstore,LOCATION,0.003284512,New York,US
bookstore,bookstore,LOCATION,0.0032633224,New York,US
bookstore,bookstore,LOCATION,0.0032633224,New York,US
getElementsByTagName,document.getElementsByTagName,OTHER,0.0030090369,New York,US
viewport,viewport,WORK_OF_ART,0.0029047546,New York,US
viewport,viewport,WORK_OF_ART,0.0029047546,New York,US
viewBox,viewBox,OTHER,0.0027629705,New York,US
class,class,OTHER,0.0027462048,New York,US
data-id,data-id,OTHER,0.0027149504,New York,US
My Quest,My Quest,OTHER,0.0025303531,New York,US
bookstores,bookstores,LOCATION,0.0025170713,New York,US
head,head,OTHER,0.0025111984,New York,US
bookstores,bookstores,LOCATION,0.0025079101,New York,US
text,text,OTHER,0.0025044158,New York,US
bookstores,bookstores,LOCATION,0.0024950549,New York,US
data-title,data-title,OTHER,0.0023945365,New York,US
prefix,prefix,OTHER,0.0023115957,New York,US
BOOK RIOT,"https://bookriot.com/book-group-resources/"">Book Group Resources<",OTHER,0.002307378,New York,US
script,script,WORK_OF_ART,0.002298366,New York,US
script,script,WORK_OF_ART,0.002298366,New York,US
content,content,OTHER,0.0022779068,New York,US
content,content,OTHER,0.0022779068,New York,US
content,content,OTHER,0.0022779068,New York,US
script,script,WORK_OF_ART,0.0022744075,New York,US
script,script,OTHER,0.0022726604,New York,US
script,script,WORK_OF_ART,0.0022710143,New York,US
script,script,WORK_OF_ART,0.0022710143,New York,US
script,script,WORK_OF_ART,0.0022710143,New York,US
content,content,OTHER,0.0022696152,New York,US
content,content,OTHER,0.0022632044,New York,US
content,content,OTHER,0.0022632044,New York,US
content,content,OTHER,0.0022632044,New York,US
content,content,OTHER,0.0022632044,New York,US
content,content,OTHER,0.00225798,New York,US
content,content,OTHER,0.00225798,New York,US
content,content,OTHER,0.00225798,New York,US
content,content,OTHER,0.00225798,New York,US
content,content,OTHER,0.00225798,New York,US
content,content,OTHER,0.00225798,New York,US
content,content,OTHER,0.00225798,New York,US
content,content,OTHER,0.00225798,New York,US
content,content,OTHER,0.00225798,New York,US
content,content,OTHER,0.00225798,New York,US
content,content,OTHER,0.00225798,New York,US
content,content,OTHER,0.00225798,New York,US
content,content,OTHER,0.00225798,New York,US
type,type,OTHER,0.0022163214,New York,US
Twitter,Sharebar Twitter,OTHER,0.0022114222,New York,US
@type,@type,OTHER,0.0022068885,New York,US
script type,script type,OTHER,0.0021998691,New York,US
icon-instagram,icon-instagram,OTHER,0.0021987702,New York,US
type,type,OTHER,0.002182205,New York,US
type,type,OTHER,0.002182205,New York,US
type,type,OTHER,0.002182205,New York,US
type,type,OTHER,0.002182205,New York,US
type,type,OTHER,0.0021806243,New York,US
script type,script type,OTHER,0.0021806243,New York,US
window,window,OTHER,0.0020933496,New York,US
title,title,OTHER,0.0020719073,New York,US
title,title,OTHER,0.0020719073,New York,US
title,title,OTHER,0.0020612846,New York,US
title,title,OTHER,0.0020612846,New York,US
title,title,OTHER,0.0020612846,New York,US
title,title,OTHER,0.0020479793,New York,US
icon,icon,WORK_OF_ART,0.0020409003,New York,US
title,title,OTHER,0.0020327754,New York,US
title,title,OTHER,0.0020327754,New York,US
title,title,OTHER,0.0020327754,New York,US
width,width,OTHER,0.0019854829,New York,US
icon,icon,WORK_OF_ART,0.001981861,New York,US
https:\/\/bookriot.com,"https://bookriot.com/category/deals/"">Deals</a></li",OTHER,0.0019358859,New York,US
text,text,OTHER,0.0019348472,New York,US
https:\/\/bookriot.com\/,https:\/\/bookriot.com\/,OTHER,0.0018900655,New York,US
text,text,OTHER,0.001883057,New York,US
text,text,OTHER,0.001883057,New York,US
text,text,OTHER,0.001883057,New York,US
height,height,OTHER,0.0018058529,New York,US
disableStr,disableStr,OTHER,0.001771797,New York,US
map,map,WORK_OF_ART,0.0017686603,New York,US
https://www.facebook.com/BookRiot/,https://www.facebook.com/BookRiot/,OTHER,0.0016883428,New York,US
http:\/\/schema.org,http:\/\/schema.org,OTHER,0.0016850461,New York,US
target,target,OTHER,0.0016660991,New York,US
https:\/\/bookriot.com,https:\/\/bookriot.com,OTHER,0.0016649876,New York,US
path,path,OTHER,0.0016085104,New York,US
data-url,data-url,OTHER,0.0015952806,New York,US
text/javascript,text/javascript,OTHER,0.0015950099,New York,US
twitter,twitter,OTHER,0.001593855,New York,US
twitter,twitter,OTHER,0.001593855,New York,US
property,property,OTHER,0.001593855,New York,US
twitter,twitter,OTHER,0.001593855,New York,US
property,property,OTHER,0.0015835646,New York,US
property,property,OTHER,0.0015835646,New York,US
property,property,OTHER,0.0015835646,New York,US
property,property,OTHER,0.0015835646,New York,US
javascript,javascript,OTHER,0.0015810528,New York,US
javascript,javascript,OTHER,0.0015810528,New York,US
property,property,OTHER,0.0015799078,New York,US
property,property,OTHER,0.0015799078,New York,US
property,property,OTHER,0.0015799078,New York,US
property,property,OTHER,0.0015799078,New York,US
property,property,OTHER,0.0015799078,New York,US
property,property,OTHER,0.0015799078,New York,US
disqus-comment-count,disqus-comment-count,OTHER,0.0015650365,New York,US
pageview,pageview,OTHER,0.0014593658,New York,US
Map,Map,WORK_OF_ART,0.0014407198,New York,US
function,function,OTHER,0.0014400489,New York,US
Function,Function,OTHER,0.0014400489,New York,US
function,function,OTHER,0.0014356518,New York,US
function,function,OTHER,0.0014343963,New York,US
og,og,OTHER,0.0014224424,New York,US
og,og,OTHER,0.0014224424,New York,US
og,og,OTHER,0.0014224424,New York,US
article,article,WORK_OF_ART,0.001364327,New York,US
article,article,WORK_OF_ART,0.0013611763,New York,US
url,url,OTHER,0.0013611763,New York,US
article,article,WORK_OF_ART,0.0013611763,New York,US
article,article,WORK_OF_ART,0.0013611763,New York,US
article,article,WORK_OF_ART,0.0013611763,New York,US
article,article,WORK_OF_ART,0.0013611763,New York,US
article,article,WORK_OF_ART,0.0013611763,New York,US
search_term_string,search_term_string,OTHER,0.001358518,New York,US
url,url,OTHER,0.001358518,New York,US
name,name,OTHER,0.0013400472,New York,US
name,name,OTHER,0.0013400472,New York,US
map,map,OTHER,0.0013400472,New York,US
name,name,OTHER,0.0013400472,New York,US
lazyload,lazyload,OTHER,0.0013361287,New York,US
name,name,OTHER,0.0013313945,New York,US
class,class,OTHER,0.0013265775,New York,US
class,class,OTHER,0.0013265775,New York,US
class,class,OTHER,0.0013265775,New York,US
class,class,OTHER,0.0013265775,New York,US
class,class,OTHER,0.0013265775,New York,US
name,name,OTHER,0.0013257256,New York,US
name,name,OTHER,0.0013257256,New York,US
class,class,OTHER,0.0013256683,New York,US
class,class,OTHER,0.0013256683,New York,US
class,class,OTHER,0.0013256683,New York,US
class,class,OTHER,0.0013252316,New York,US
class,class,OTHER,0.0013252316,New York,US
class,class,OTHER,0.0013252316,New York,US
false,false,OTHER,0.001309942,New York,US
tag,tag,OTHER,0.001293722,New York,US
tag,tag,OTHER,0.001293722,New York,US
wp-image,wp-image,OTHER,0.0012888771,New York,US
BookRiotInsiders,BookRiotInsiders,OTHER,0.0012831759,New York,US
Opt-out function,Opt-out function,OTHER,0.0012314338,New York,US
Thriller<,Thriller<,OTHER,0.001224564,New York,US
comics,comics,WORK_OF_ART,0.0012236992,New York,US
BODY,BODY,OTHER,0.0012137085,New York,US
UA-25481245-1,UA-25481245-1,OTHER,0.0012113014,New York,US
document,document,WORK_OF_ART,0.0012031799,New York,US
css,css,OTHER,0.0012022553,New York,US
css,css,OTHER,0.0012022553,New York,US
css,css,OTHER,0.0012022553,New York,US
css,css,OTHER,0.0012022553,New York,US
site,site,OTHER,0.0011870326,New York,US
site,site,OTHER,0.0011793673,New York,US
mystery-thriller,mystery-thriller,WORK_OF_ART,0.0011776071,New York,US
section,section,OTHER,0.0011766435,New York,US
application,application,OTHER,0.0011477012,New York,US
application,application,OTHER,0.0011477012,New York,US
application,application,OTHER,0.0011296105,New York,US
application,application,OTHER,0.0011260158,New York,US
application,application,OTHER,0.0011260158,New York,US
application,application,OTHER,0.0011260158,New York,US
"t,s)","t,s)",LOCATION,0.0011255156,New York,US
data-value,data-value,OTHER,0.0011176914,New York,US
aligncenter,aligncenter,OTHER,0.0011103085,New York,US
creator,creator,PERSON,0.0010926294,New York,US
query-input,query-input,OTHER,0.0010809507,New York,US
cookie,cookie,OTHER,0.0010735866,New York,US
https,https,OTHER,0.0010722212,New York,US
cookie,cookie,OTHER,0.0010714896,New York,US
r,r,OTHER,0.0010714896,New York,US
site,site,OTHER,0.0010711637,New York,US
https,https,OTHER,0.001070861,New York,US
https,https,OTHER,0.0010684957,New York,US
US,US&adInstanceId,LOCATION,0.001034878,New York,US
svg,svg,OTHER,0.0010324216,New York,US
href,href,OTHER,0.0010271134,New York,US
href,href,OTHER,0.0010271134,New York,US
href,href,OTHER,0.0010271134,New York,US
href,href,OTHER,0.0010267751,New York,US
span,span,OTHER,0.0009800242,New York,US
span,span,OTHER,0.0009800242,New York,US
span,span,OTHER,0.0009796837,New York,US
span,span,OTHER,0.0009796837,New York,US
span,span,OTHER,0.0009796837,New York,US
span,span,OTHER,0.0009793524,New York,US
span,span,OTHER,0.0009793524,New York,US
love,love,OTHER,0.0009778804,New York,US
card,card,OTHER,0.0009778804,New York,US
Cards,Cards,OTHER,0.0009778804,New York,US
Cards,Cards,OTHER,0.0009743188,New York,US
some,some,OTHER,0.0009715652,New York,US
favorites,favorites,OTHER,0.0009715652,New York,US
favorites,favorites,OTHER,0.0009715652,New York,US
some,some,OTHER,0.0009715652,New York,US
WebSite,WebSite,OTHER,0.0009674278,New York,US
website,website,OTHER,0.0009674278,New York,US
media,media,OTHER,0.0009566013,New York,US
media,media,OTHER,0.0009566013,New York,US
media,media,OTHER,0.0009566013,New York,US
media,media,OTHER,0.0009566013,New York,US
js,js,OTHER,0.00095590804,New York,US
li,li,OTHER,0.0009332886,New York,US
BookRiot_Visitors_perpetual,BookRiot_Visitors_perpetual,PERSON,0.00093222153,New York,US
script data,script data,OTHER,0.0009237473,New York,US
data,data,OTHER,0.00091628975,New York,US
description,description,OTHER,0.0009085052,New York,US
DOCTYPE,DOCTYPE,WORK_OF_ART,0.0009053565,New York,US
plugin,plugin,OTHER,0.00090263784,New York,US
description,description,OTHER,0.00090263784,New York,US
description,description,OTHER,0.00090263784,New York,US
publisher,publisher,ORGANIZATION,0.00090055284,New York,US
plugin,plugin,OTHER,0.0008987938,New York,US
plugin,plugin,OTHER,0.0008959333,New York,US
class,class,OTHER,0.00089358236,New York,US
class,class,OTHER,0.0008933157,New York,US
class,class,OTHER,0.0008933157,New York,US
class,class,OTHER,0.0008933157,New York,US
class,class,OTHER,0.0008930552,New York,US
class,class,OTHER,0.00089280074,New York,US
class,class,OTHER,0.00089280074,New York,US
class,class,OTHER,0.00089280074,New York,US
class,class,OTHER,0.00089255185,New York,US
class,class,OTHER,0.00089255185,New York,US
class,class,OTHER,0.00089255185,New York,US
class,class,OTHER,0.00089255185,New York,US
o,o,OTHER,0.00089092646,New York,US
class,class,OTHER,0.00089053117,New York,US
class,class,OTHER,0.0008903277,New York,US
class,class,OTHER,0.00088973856,New York,US
arguments,arguments,OTHER,0.00088941876,New York,US
class,class,OTHER,0.000889179,New York,US
class,class,OTHER,0.000889179,New York,US
auto,auto,OTHER,0.0008887351,New York,US
class,class,OTHER,0.00088847417,New York,US
class,class,OTHER,0.00088847417,New York,US
class,class,OTHER,0.00088847417,New York,US
class,class,OTHER,0.0008883047,New York,US
class,class,OTHER,0.0008883047,New York,US
class,class,OTHER,0.0008881378,New York,US
class,class,OTHER,0.0008881378,New York,US
class,class,OTHER,0.00088765164,New York,US
script,script,WORK_OF_ART,0.000866319,New York,US
script,script,WORK_OF_ART,0.000866319,New York,US
script,script,WORK_OF_ART,0.000866319,New York,US
script,script,WORK_OF_ART,0.00086572504,New York,US
script,script,WORK_OF_ART,0.00086572504,New York,US
script,script,WORK_OF_ART,0.00086572504,New York,US
script,script,OTHER,0.00086572504,New York,US
script,script,WORK_OF_ART,0.00086572504,New York,US
script,script,WORK_OF_ART,0.00086572504,New York,US
script,script,WORK_OF_ART,0.000865162,New York,US
script,script,WORK_OF_ART,0.0008641167,New York,US
script,script,WORK_OF_ART,0.0008636296,New York,US
script,script,WORK_OF_ART,0.00086228765,New York,US
script,script,WORK_OF_ART,0.00086228765,New York,US
script,script,WORK_OF_ART,0.000861875,New York,US
script,script,WORK_OF_ART,0.0008614775,New York,US
script,script,WORK_OF_ART,0.00086109416,New York,US
script,script,WORK_OF_ART,0.00086036604,New York,US
script,script,WORK_OF_ART,0.00086036604,New York,US
Emma Nichols,Emma Nichols,PERSON,0.00085676723,New York,US
type,type,OTHER,0.00085260393,New York,US
content,content,OTHER,0.00084324763,New York,US
type,type,OTHER,0.0008318171,New York,US
type,type,OTHER,0.0008312468,New York,US
div,div,OTHER,0.0008306766,New York,US
div,div,OTHER,0.00082946033,New York,US
div,div,OTHER,0.0008292708,New York,US
div,div,OTHER,0.00082908466,New York,US
div,div,OTHER,0.0008289018,New York,US
div,div,OTHER,0.00082837173,New York,US
div,div,OTHER,0.0008282009,New York,US
div,div,OTHER,0.0008282009,New York,US
div,div,OTHER,0.0008282009,New York,US
type,type,OTHER,0.00082794623,New York,US
div,div,OTHER,0.0008266315,New York,US
desire,desire,OTHER,0.00082627486,New York,US
text,text,OTHER,0.00082603097,New York,US
suggestions,suggestions,OTHER,0.0008209384,New York,US
suggestions,suggestions,OTHER,0.0008209384,New York,US
locale,locale,OTHER,0.0008209384,New York,US
Mystery/Thriller<,Mystery/Thriller<,OTHER,0.0008207436,New York,US
audiobooks,audiobooks,WORK_OF_ART,0.0008198788,New York,US
users,users,PERSON,0.00081276905,New York,US
class,class,OTHER,0.00081140024,New York,US
class,class,OTHER,0.00081140024,New York,US
class,class,OTHER,0.00081140024,New York,US
class,class,OTHER,0.00081126747,New York,US
class,class,OTHER,0.0008111364,New York,US
class,class,OTHER,0.0008101445,New York,US
class,class,OTHER,0.0008096827,New York,US
class,class,OTHER,0.0008093497,New York,US
event,event,EVENT,0.0008077077,New York,US
SearchAction,SearchAction,OTHER,0.00080408424,New York,US
__gaTrackerOptout,__gaTrackerOptout,WORK_OF_ART,0.0007970456,New York,US
__gaTracker,__gaTracker,WORK_OF_ART,0.00079508504,New York,US
atom+xml,atom+xml,CONSUMER_GOOD,0.0007764687,New York,US
quest,quest,OTHER,0.0007659431,New York,US
Cool Bookish Places,Cool Bookish Places,LOCATION,0.00076572335,New York,US
div,div,OTHER,0.00075626577,New York,US
div,div,OTHER,0.00075550843,New York,US
div,div,OTHER,0.0007548072,New York,US
div,div,OTHER,0.00075404986,New York,US
@bookriot,@bookriot,OTHER,0.0007293811,New York,US
close-button,close-button,OTHER,0.0007290472,New York,US
pingback,pingback,OTHER,0.00072658027,New York,US
href,"https://bookriot.com/affiliate-disclosure/"">Affiliate Disclosure<",OTHER,0.0007254495,New York,US
json,json,OTHER,0.00071512535,New York,US
text,text,OTHER,0.00071279507,New York,US
tracking,tracking,OTHER,0.0007102526,New York,US
int,int,OTHER,0.000706609,New York,US
zip,zip,OTHER,0.000706609,New York,US
tgz,tgz,OTHER,0.000706609,New York,US
pdf,pdf,OTHER,0.000706609,New York,US
doc,doc,PERSON,0.000706609,New York,US
https://www.youtube.com/user/BookRiotVideo,https://www.youtube.com/user/BookRiotVideo,OTHER,0.0007042163,New York,US
subscribe-button facebook,subscribe-button facebook,OTHER,0.0006939418,New York,US
href,href,OTHER,0.0006918991,New York,US
href,href,OTHER,0.0006917019,New York,US
href,href,OTHER,0.0006917019,New York,US
track_download_as,track_download_as,WORK_OF_ART,0.00068677455,New York,US
data-categories,data-categories,OTHER,0.00068674615,New York,US
category,category,OTHER,0.0006865008,New York,US
category,category,OTHER,0.0006865008,New York,US
category,category,OTHER,0.0006865008,New York,US
category,category,OTHER,0.0006862622,New York,US
category,category,OTHER,0.0006862622,New York,US
subscribe-button twitter,subscribe-button twitter,OTHER,0.00068378315,New York,US
RSS,RSS,ORGANIZATION,0.00067927886,New York,US
height,height,OTHER,0.0006751561,New York,US
height,height,OTHER,0.0006748658,New York,US
"https://bookriot.com/advertise/"">Advertise</a></li","https://bookriot.com/advertise/"">Advertise</a></li",OTHER,0.00066446094,New York,US
span,span,OTHER,0.0006593491,New York,US
item,item,OTHER,0.0006552814,New York,US
itemprop,itemprop,OTHER,0.0006545739,New York,US
itemscope,itemscope,CONSUMER_GOOD,0.00065150176,New York,US
itemprop,itemprop,OTHER,0.00065138616,New York,US
itemscope,itemscope,CONSUMER_GOOD,0.00065138616,New York,US
itemtype,itemtype,OTHER,0.00065138616,New York,US
itemscope itemtype,itemscope itemtype,OTHER,0.0006512722,New York,US
itemscope,itemscope,CONSUMER_GOOD,0.0006512722,New York,US
itemtype,itemtype,OTHER,0.0006512722,New York,US
itemprop,itemprop,OTHER,0.0006512722,New York,US
lazyload,lazyload,OTHER,0.00064521586,New York,US
thought,thought,OTHER,0.00064352894,New York,US
@id,@id,OTHER,0.00063976407,New York,US
@context,@context,OTHER,0.00063976407,New York,US
@type,@type,OTHER,0.00063976407,New York,US
style,style,OTHER,0.0006353166,New York,US
https:\/\/bookriot.com\/wp-admin\/admin-ajax.php,https:\/\/bookriot.com\/wp-admin\/admin-ajax.php,OTHER,0.0006350318,New York,US
https://connect.facebook.net/en_US/fbevents.js,https://connect.facebook.net/en_US/fbevents.js,OTHER,0.0006314825,New York,US
li,li,OTHER,0.0006285076,New York,US
bookstore,bookstore,LOCATION,0.0006247771,New York,US
GoogleAnalyticsObject,GoogleAnalyticsObject,OTHER,0.00060272706,New York,US
class,class,OTHER,0.0006023027,New York,US
class,class,OTHER,0.0006021824,New York,US
class,class,OTHER,0.00060188974,New York,US
class,class,OTHER,0.00060166355,New York,US
class,class,OTHER,0.00060166355,New York,US
class,class,OTHER,0.000601608,New York,US
class,class,OTHER,0.000601608,New York,US
class,class,OTHER,0.00060155295,New York,US
class,class,OTHER,0.00060155295,New York,US
text/javascript,text/javascript,OTHER,0.0006011325,New York,US
class,class,OTHER,0.0006007714,New York,US
<button class,<button class,PERSON,0.0006007221,New York,US
text/javascript,text/javascript,OTHER,0.0006001983,New York,US
alt,alt,OTHER,0.00059910974,New York,US
javascript,javascript,OTHER,0.00059886056,New York,US
Google Analytics,Google Analytics,OTHER,0.0005980597,New York,US
MonsterInsights,MonsterInsights,OTHER,0.0005980597,New York,US
BOOK RIOT &raquo,BOOK RIOT &raquo,WORK_OF_ART,0.0005980597,New York,US
menu,menu,OTHER,0.0005967827,New York,US
itemprop,itemprop,OTHER,0.0005959339,New York,US
itemprop,itemprop,OTHER,0.0005959339,New York,US
itemprop,itemprop,OTHER,0.0005941062,New York,US
itemprop,itemprop,OTHER,0.00059394585,New York,US
itemprop,itemprop,OTHER,0.000593867,New York,US
itemprop,itemprop,OTHER,0.0005937889,New York,US
section-title,section-title,OTHER,0.000583301,New York,US
"https://store.bookriot.com/"">Shop The Book Riot Store","https://store.bookriot.com/"">Shop The Book Riot Store",WORK_OF_ART,0.00058257085,New York,US
id,id,OTHER,0.000580813,New York,US
data-id,data-id,OTHER,0.0005778332,New York,US
script,script,WORK_OF_ART,0.00057509745,New York,US
script,script,WORK_OF_ART,0.00057509745,New York,US
script,script,WORK_OF_ART,0.0005748797,New York,US
script,script,WORK_OF_ART,0.00057466835,New York,US
itemtype,itemtype,OTHER,0.00057388283,New York,US
NYC Comments Feed,NYC Comments Feed,OTHER,0.00057074067,New York,US
BOOK RIOT &raquo; Feed,BOOK RIOT &raquo; Feed,OTHER,0.00057074067,New York,US
Comments Feed,Comments Feed,OTHER,0.00057074067,New York,US
tag-bookstores,tag-bookstores,LOCATION,0.0005692628,New York,US
Contributors,Contributors,PERSON,0.00056662684,New York,US
gfx-container,gfx-container,OTHER,0.00056518626,New York,US
container,container,OTHER,0.0005646831,New York,US
container,container,OTHER,0.0005646831,New York,US
container,container,OTHER,0.00056421343,New York,US
content,content,OTHER,0.0005632585,New York,US
content,content,OTHER,0.0005632585,New York,US
content,content,OTHER,0.0005632585,New York,US
content,content,OTHER,0.00056315993,New York,US
div,div,OTHER,0.0005605551,New York,US
div,div,OTHER,0.0005604497,New York,US
div,div,OTHER,0.0005602946,New York,US
div,div,OTHER,0.0005602437,New York,US
div,div,OTHER,0.00055961293,New York,US
input type,input type,OTHER,0.0005525168,New York,US
input type,input type,OTHER,0.0005525168,New York,US
pages,pages,OTHER,0.00055212685,New York,US
JM,JM,LOCATION,0.000551555,New York,US
Julien Maury,Julien Maury,PERSON,0.000551555,New York,US
The Books,The Books,WORK_OF_ART,0.00055029994,New York,US
Yoast SEO,Yoast SEO,OTHER,0.00054799236,New York,US
function,function,OTHER,0.0005447182,New York,US
function,function,OTHER,0.0005435147,New York,US
function,function,OTHER,0.0005429843,New York,US
function,function,OTHER,0.0005429843,New York,US
post-left-col,post-left-col,OTHER,0.0005292311,New York,US
script,script,WORK_OF_ART,0.00052528916,New York,US
window,window,OTHER,0.0005207843,New York,US
data-category,data-category,OTHER,0.00052009796,New York,US
data-category,data-category,OTHER,0.0005200225,New York,US
CDATA,CDATA,ORGANIZATION,0.0005195703,New York,US
content,content,OTHER,0.0005153067,New York,US
content,content,OTHER,0.0005153067,New York,US
content,content,OTHER,0.0005153067,New York,US
content,content,OTHER,0.0005135194,New York,US
title,title,OTHER,0.00051270466,New York,US
title,title,OTHER,0.00051270466,New York,US
title,title,OTHER,0.0005125617,New York,US
title,title,OTHER,0.0005125617,New York,US
title,title,OTHER,0.0005125617,New York,US
title,title,OTHER,0.0005125617,New York,US
title,title,OTHER,0.00051176513,New York,US
data-title,data-title,OTHER,0.0005114011,New York,US
data-title,data-title,OTHER,0.0005112842,New York,US
map,something,OTHER,0.0005082939,New York,US
name,name,OTHER,0.0005043248,New York,US
width,width,OTHER,0.00049848674,New York,US
width,width,OTHER,0.00049523765,New York,US
Atom 0.3,Atom 0.3,OTHER,0.00049153226,New York,US
menu-nav-button,menu-nav-button,OTHER,0.0004904765,New York,US
search-button,search-button,OTHER,0.0004887235,New York,US
store-button,store-button,OTHER,0.0004886227,New York,US
store-button,store-button,OTHER,0.0004886227,New York,US
subscribe-panel-button,subscribe-panel-button,OTHER,0.0004886227,New York,US
close-button,close-button,OTHER,0.0004885235,New York,US
display,display,OTHER,0.00048621642,New York,US
Tag,Tag,OTHER,0.00048590012,New York,US
Tag,Tag,OTHER,0.00048531298,New York,US
potentialAction,potentialAction,OTHER,0.00048378218,New York,US
display,display,OTHER,0.00048361512,New York,US
display,display,OTHER,0.00048340717,New York,US
display,display,OTHER,0.00048229034,New York,US
xml,xml,OTHER,0.00048180087,New York,US
indexOf,indexOf,OTHER,0.00048101612,New York,US
wp-caption-text,wp-caption-text,WORK_OF_ART,0.00048009955,New York,US
noscript,noscript,OTHER,0.0004790593,New York,US
home_url,home_url,LOCATION,0.00047802026,New York,US
inbound_paths,inbound_paths,LOCATION,0.00047802026,New York,US
text,text,OTHER,0.00047644557,New York,US
bookseller,bookseller,ORGANIZATION,0.00047277857,New York,US
bookstore,bookstore,LOCATION,0.0004726769,New York,US
subscribe-button snapchat,subscribe-button snapchat,OTHER,0.00046849187,New York,US
href,href,OTHER,0.00046643833,New York,US
href,href,OTHER,0.00046563183,New York,US
title,title,OTHER,0.00046550855,New York,US
title,title,OTHER,0.00046543783,New York,US
title,title,OTHER,0.00046529892,New York,US
title,title,OTHER,0.00046523067,New York,US
title,title,OTHER,0.00046516323,New York,US
title,title,OTHER,0.00046496544,New York,US
title,title,OTHER,0.00046471177,New York,US
data-category,data-category,OTHER,0.00046124568,New York,US
data-category,data-category,OTHER,0.0004611321,New York,US
data-category,data-category,OTHER,0.00046102065,New York,US
data-category,data-category,OTHER,0.00046080406,New York,US
category,category,OTHER,0.00045991896,New York,US
category,category,OTHER,0.00045991896,New York,US
category,category,OTHER,0.00045991896,New York,US
category,category,OTHER,0.00045991896,New York,US
category,category,OTHER,0.00045991896,New York,US
value,value,OTHER,0.0004579627,New York,US
none,none,OTHER,0.0004578384,New York,US
Post,Post,OTHER,0.00045662452,New York,US
document,document,WORK_OF_ART,0.00045559165,New York,US
none,none,OTHER,0.0004553889,New York,US
none,none,OTHER,0.00045519308,New York,US
over-media,over-media,OTHER,0.00045414144,New York,US
none,none,OTHER,0.00045414144,New York,US
width,width,OTHER,0.00045307554,New York,US
width,width,OTHER,0.0004528441,New York,US
Pin This Post,Pin This Post,OTHER,0.0004507187,New York,US
height,height,OTHER,0.00045040526,New York,US
bookstores,bookstores,ORGANIZATION,0.00044526983,New York,US
share-button,share-button,OTHER,0.0004451844,New York,US
Posts,Posts,WORK_OF_ART,0.00044468784,New York,US
track,track,WORK_OF_ART,0.00043983466,New York,US
icon,icon,WORK_OF_ART,0.00043907604,New York,US
icon,icon,WORK_OF_ART,0.00043895363,New York,US
icon,icon,WORK_OF_ART,0.00043895363,New York,US
head,head,OTHER,0.000438948,New York,US
section,section,OTHER,0.00043862982,New York,US
icon,icon,WORK_OF_ART,0.0004383794,New York,US
thumbnail readordead,thumbnail readordead,OTHER,0.00043832907,New York,US
thumbnail,thumbnail,OTHER,0.00043832907,New York,US
thumbnail,thumbnail,OTHER,0.00043832907,New York,US
Read,Read,OTHER,0.00043832907,New York,US
icon,icon,WORK_OF_ART,0.0004382714,New York,US
icon,icon,WORK_OF_ART,0.00043806163,New York,US
comment-count-icon,comment-count-icon,WORK_OF_ART,0.00043795968,New York,US
textwidget,textwidget,OTHER,0.0004351797,New York,US
Share,Share,OTHER,0.00042671204,New York,US
_comscore.push,_comscore.push,EVENT,0.00042481048,New York,US
"https://insiders.bookriot.com/?utm_source=BR&utm_medium=menu_link&utm_campaign=Insiders_BR_menu_link"">Join","https://insiders.bookriot.com/?utm_source=BR&utm_medium=menu_link&utm_campaign=Insiders_BR_menu_link"">Join",OTHER,0.0004237189,New York,US
"https://bookriot.com/staff-contributors/"">Staff &#038","https://bookriot.com/staff-contributors/"">Staff &#038",PERSON,0.0004235981,New York,US
push,push,OTHER,0.00042326289,New York,US
http://twitter.com/share?text=My+Quest+to+Visit+Every+Bookstore+in+NYC,http://twitter.com/share?text=My+Quest+to+Visit+Every+Bookstore+in+NYC,OTHER,0.00042282185,New York,US
application,application,OTHER,0.00042238153,New York,US
s.w.org,s.w.org,OTHER,0.00042187344,New York,US
http://schema.org/Article,https://schema.org/Organization,WORK_OF_ART,0.00042115455,New York,US
data-category,data-category,OTHER,0.00041992028,New York,US
data-category,data-category,OTHER,0.00041992028,New York,US
data-category,data-category,OTHER,0.00041992028,New York,US
Thu,Thu,LOCATION,0.0004195153,New York,US
data-category,data-category,OTHER,0.00041945116,New York,US
data-category,data-category,OTHER,0.00041938742,New York,US
data-category,data-category,OTHER,0.00041926224,New York,US
data-category,data-category,OTHER,0.0004190799,New York,US
forceSSL,forceSSL,ORGANIZATION,0.00041848322,New York,US
download_extensions,download_extensions,OTHER,0.00041817987,New York,US
internal_label,internal_label,OTHER,0.00041817987,New York,US
is_debug_mode,is_debug_mode,OTHER,0.00041817987,New York,US
image,image,WORK_OF_ART,0.00041634243,New York,US
height,height,OTHER,0.00041205925,New York,US
height,height,OTHER,0.00041073965,New York,US
path,path,OTHER,0.0004068818,New York,US
path,path,OTHER,0.0004067888,New York,US
path,path,OTHER,0.00040634768,New York,US
Harder,Harder,OTHER,0.00040548487,New York,US
background,background,OTHER,0.00040332554,New York,US
alt,alt,OTHER,0.0004024645,New York,US
alt,alt,OTHER,0.0004017981,New York,US
alt,alt,OTHER,0.0004002828,New York,US
alt,alt,OTHER,0.00040020642,New York,US
alt,alt,OTHER,0.00040013122,New York,US
icon,icon,WORK_OF_ART,0.0003985959,New York,US
icon,icon,WORK_OF_ART,0.00039847693,New York,US
icon,icon,WORK_OF_ART,0.00039824715,New York,US
icon-twitter,icon-twitter,OTHER,0.0003963777,New York,US
share-button twitter,share-button twitter,OTHER,0.00039565132,New York,US
Comments,Comments,WORK_OF_ART,0.00039536986,New York,US
share-button show-comments,share-button show-comments,WORK_OF_ART,0.00039536986,New York,US
share-button show-comments,share-button show-comments,WORK_OF_ART,0.0003952795,New York,US
lazyload,lazyload,OTHER,0.00039459873,New York,US
project,project,OTHER,0.0003915004,New York,US
data-id,data-id,OTHER,0.00039128368,New York,US
script,script,WORK_OF_ART,0.00038946717,New York,US
div,div,OTHER,0.0003871664,New York,US
div,div,OTHER,0.000387105,New York,US
div,div,OTHER,0.00038683796,New York,US
tag-nyc,tag-nyc,LOCATION,0.00038553507,New York,US
style,style,OTHER,0.00038547028,New York,US
n,n,OTHER,0.00038512266,New York,US
https://insiders.bookriot.com/?utm_source=BR&utm_medium=inside_page&utm_campaign=Insiders_BR_inside_page,https://insiders.bookriot.com/?utm_source=BR&utm_medium=inside_page&utm_campaign=Insiders_BR_inside_page,OTHER,0.0003850333,New York,US
n,n,OTHER,0.00038494501,New York,US
romance,romance,OTHER,0.00038358627,New York,US
Romance,Romance,OTHER,0.00038358627,New York,US
deferscript,deferscript,OTHER,0.00038293586,New York,US
one,one,OTHER,0.0003824472,New York,US
container,container,OTHER,0.00038155992,New York,US
content,content,WORK_OF_ART,0.00038126853,New York,US
wp-image,wp-image,OTHER,0.0003806382,New York,US
input type,input type,OTHER,0.00037330276,New York,US
path,path,OTHER,0.00037025526,New York,US
genre-nav,genre-nav,OTHER,0.00036933587,New York,US
alt,alt,OTHER,0.0003655518,New York,US
alt,alt,OTHER,0.00036549196,New York,US
alt,alt,OTHER,0.0003654329,New York,US
alt,alt,OTHER,0.0003646278,New York,US
f.fbq,f.fbq,OTHER,0.000362644,New York,US
f.,f.,PERSON,0.000362644,New York,US
version,version,OTHER,0.00036247674,New York,US
fbq,fbq,OTHER,0.0003623154,New York,US
noscript,noscript,OTHER,0.0003621596,New York,US
noscript,noscript,OTHER,0.0003621596,New York,US
function,function,OTHER,0.0003621589,New York,US
Segment Pixel,Segment Pixel,OTHER,0.00036200896,New York,US
Segment Pixel,Segment Pixel,ORGANIZATION,0.00036200896,New York,US
childrens,childrens,PERSON,0.00036132286,New York,US
novels,novels,WORK_OF_ART,0.00036132286,New York,US
Children,Children,PERSON,0.00036132286,New York,US
audiobooks,audiobooks,WORK_OF_ART,0.00036132286,New York,US
Audiobooks,Audiobooks,WORK_OF_ART,0.00036132286,New York,US
Mystery,Mystery,OTHER,0.00036119728,New York,US
science-fiction-fantasy,science-fiction-fantasy,WORK_OF_ART,0.00036119728,New York,US
version,version,CONSUMER_GOOD,0.00036095612,New York,US
share-button twitter,share-button twitter,OTHER,0.00035983344,New York,US
Google,Google,ORGANIZATION,0.0003571052,New York,US
data-value,data-value,OTHER,0.00035628653,New York,US
data-value,data-value,OTHER,0.00035619875,New York,US
data-value,data-value,OTHER,0.00035594538,New York,US
value,value,OTHER,0.00035533265,New York,US
nectar2017\,nectar2017\,OTHER,0.0003514232,New York,US
title,title,OTHER,0.0003452165,New York,US
title,title,OTHER,0.00034518662,New York,US
title,title,OTHER,0.00034515694,New York,US
title,title,OTHER,0.00034512745,New York,US
title,title,OTHER,0.00034509815,New York,US
title,title,OTHER,0.00034506907,New York,US
title,title,OTHER,0.00034504017,New York,US
url,url,OTHER,0.0003411069,New York,US
url,url,OTHER,0.00034084983,New York,US
article,article,WORK_OF_ART,0.00034076747,New York,US
name,name,OTHER,0.0003407399,New York,US
data-url,data-url,OTHER,0.00034060737,New York,US
data-url,data-url,OTHER,0.0003405295,New York,US
searchform,searchform,OTHER,0.00034002104,New York,US
url,url,OTHER,0.00033944548,New York,US
url,url,OTHER,0.00033938608,New York,US
_comscore,_comscore,OTHER,0.00033819498,New York,US
_qevents,_qevents,EVENT,0.00033759585,New York,US
elem,elem,OTHER,0.00033723892,New York,US
scpt,scpt,OTHER,0.00033707113,New York,US
v,v,OTHER,0.00033690978,New York,US
Pixel Code,Pixel Code,OTHER,0.00033690978,New York,US
arguments,arguments,OTHER,0.00033675437,New York,US
arguments,arguments,OTHER,0.00033675437,New York,US
Pixel Code,Pixel Code,OTHER,0.00033660448,New York,US
post-tags,post-tags,OTHER,0.00033089265,New York,US
post-navigation,post-navigation,OTHER,0.0003304572,New York,US
close-button,close-button,OTHER,0.00033039856,New York,US
buttons,buttons,OTHER,0.00033036957,New York,US
</button,</button,OTHER,0.00033009014,New York,US
PageView,PageView,OTHER,0.0003271545,New York,US
xml,xml,OTHER,0.00032473332,New York,US
data-value,data-value,OTHER,0.00032436356,New York,US
data-value,data-value,OTHER,0.00032436356,New York,US
data-value,data-value,OTHER,0.00032436356,New York,US
data-value,data-value,OTHER,0.00032395197,New York,US
data-value,data-value,OTHER,0.00032385526,New York,US
data-value,data-value,OTHER,0.00032380776,New York,US
data-value,data-value,OTHER,0.00032376082,New York,US
xml,xml,OTHER,0.00032372086,New York,US
data-value,data-value,OTHER,0.0003237144,New York,US
display,display,OTHER,0.00032303546,New York,US
text,text,OTHER,0.00032214515,New York,US
href,href,OTHER,0.00032185743,New York,US
href,href,OTHER,0.00032173627,New York,US
href,href,OTHER,0.00032173627,New York,US
href,href,OTHER,0.00032171246,New York,US
href,href,OTHER,0.00032171246,New York,US
href,href,OTHER,0.00032171246,New York,US
M35,M35,CONSUMER_GOOD,0.00032028073,New York,US
0S0,0S0,OTHER,0.00032028073,New York,US
article,article,WORK_OF_ART,0.00031043842,New York,US
article,article,WORK_OF_ART,0.00030976508,New York,US
ajaxurl,ajaxurl,OTHER,0.00030798867,New York,US
php,php,OTHER,0.00030777746,New York,US
protocol,protocol,OTHER,0.0003073869,New York,US
protocol,protocol,OTHER,0.0003067077,New York,US
return,return,OTHER,0.00030640836,New York,US
n.queue,n.queue,OTHER,0.00030626703,New York,US
svg,svg,OTHER,0.00030577896,New York,US
over-links,over-links,OTHER,0.00030568978,New York,US
literature,literature,OTHER,0.00030518594,New York,US
share-button email,share-button email,WORK_OF_ART,0.00030489656,New York,US
item,item,OTHER,0.0003046163,New York,US
item,item,OTHER,0.0003046163,New York,US
svg,svg,OTHER,0.00030442543,New York,US
alt-content widget_random_content_pro_widget,alt-content widget_random_content_pro_widget,OTHER,0.0003041213,New York,US
sidebar,sidebar,OTHER,0.00030400613,New York,US
name,name,OTHER,0.00030304538,New York,US
share-count,share-count,OTHER,0.0003025522,New York,US
share-count,share-count,OTHER,0.0003025522,New York,US
comment-count,comment-count,OTHER,0.0003024608,New York,US
disqus-comment-count,disqus-comment-count,OTHER,0.0003024608,New York,US
_stq.push,clickTrackerInit,WORK_OF_ART,0.00029761888,New York,US
icon,icon,WORK_OF_ART,0.00029561177,New York,US
icon,icon,WORK_OF_ART,0.00029558633,New York,US
icon,icon,OTHER,0.0002955611,New York,US
icon,icon,OTHER,0.000295536,New York,US
icon,icon,WORK_OF_ART,0.0002955111,New York,US
section,section,OTHER,0.00029533412,New York,US
section,section,OTHER,0.00029508153,New York,US
display,display,OTHER,0.00029453557,New York,US
display,display,OTHER,0.00029449235,New York,US
display,display,OTHER,0.00029444965,New York,US
display,display,OTHER,0.00029440745,New York,US
xml,xml,OTHER,0.00029432445,New York,US
headline,headline,OTHER,0.0002941512,New York,US
form,form,OTHER,0.0002939065,New York,US
lazyload,lazyload,OTHER,0.00029283806,New York,US
books,books,WORK_OF_ART,0.00029271984,New York,US
books,books,WORK_OF_ART,0.00029120716,New York,US
d.getElementById,d.getElementById,OTHER,0.0002848553,New York,US
d.getElementsByTagName,d.getElementsByTagName,OTHER,0.0002848553,New York,US
image,image,WORK_OF_ART,0.00028250538,New York,US
wp-image,wp-image,OTHER,0.0002824773,New York,US
setTimeout,setTimeout,OTHER,0.00028112892,New York,US
target,target,OTHER,0.00027833186,New York,US
sidebar widget_text,sidebar widget_text,OTHER,0.0002777789,New York,US
sidebar widget_random_content_pro_widget,sidebar widget_random_content_pro_widget,OTHER,0.0002777789,New York,US
sidebar widget_nectar_site_sections,sidebar widget_nectar_site_sections,OTHER,0.0002777789,New York,US
sidebar,sidebar,OTHER,0.00027764248,New York,US
menu,menu,OTHER,0.00027750034,New York,US
menu,menu,OTHER,0.00027750034,New York,US
svg,svg,OTHER,0.00027738474,New York,US
none,none,OTHER,0.00027734358,New York,US
none,none,OTHER,0.0002773029,New York,US
none,none,OTHER,0.0002772627,New York,US
caption,caption,OTHER,0.0002772627,New York,US
Young Adult,Follow Young Adult,PERSON,0.00027724152,New York,US
none,none,OTHER,0.00027722295,New York,US
share-button email,share-button email,WORK_OF_ART,0.00027718366,New York,US
svg,svg,OTHER,0.0002771448,New York,US
path,path,OTHER,0.00027498268,New York,US
path,path,OTHER,0.00027444915,New York,US
background,background,OTHER,0.0002718379,New York,US
newsletters,newsletters,WORK_OF_ART,0.00027175862,New York,US
relative,relative,OTHER,0.0002716054,New York,US
alt,alt,OTHER,0.00027128097,New York,US
alt,alt,OTHER,0.00027104717,New York,US
alt,alt,OTHER,0.00027102217,New York,US
alt,alt,OTHER,0.00027099735,New York,US
comment-count-background,comment-count-background,OTHER,0.00027092837,New York,US
search-bar,search-bar,OTHER,0.0002705238,New York,US
search-bar,search-bar,OTHER,0.0002705238,New York,US
whiteout-bar,whiteout-bar,OTHER,0.0002705238,New York,US
id,id,OTHER,0.00026999426,New York,US
data-sumo-platform,data-sumo-platform,OTHER,0.0002692461,New York,US
amphtml,amphtml,OTHER,0.0002692461,New York,US
#wpstats,#wpstats,OTHER,0.0002692461,New York,US
themes,themes,OTHER,0.0002692461,New York,US
jQuery,jQuery,OTHER,0.0002691081,New York,US
script,script,WORK_OF_ART,0.000268755,New York,US
script,script,WORK_OF_ART,0.000268755,New York,US
script,script,WORK_OF_ART,0.00026871578,New York,US
script,script,WORK_OF_ART,0.00026871578,New York,US
script,script,WORK_OF_ART,0.00026869634,New York,US
script,script,WORK_OF_ART,0.00026869634,New York,US
script,script,WORK_OF_ART,0.00026869634,New York,US
script,script,WORK_OF_ART,0.00026869634,New York,US
script,script,OTHER,0.00026867705,New York,US
script,script,WORK_OF_ART,0.00026867705,New York,US
script,script,WORK_OF_ART,0.00026867705,New York,US
script,script,WORK_OF_ART,0.00026867705,New York,US
script,script,WORK_OF_ART,0.00026867705,New York,US
script,script,WORK_OF_ART,0.00026867705,New York,US
script,script,WORK_OF_ART,0.00026867705,New York,US
script,script,WORK_OF_ART,0.00026867705,New York,US
script,script,WORK_OF_ART,0.00026867705,New York,US
script,script,OTHER,0.00026865784,New York,US
script,script,WORK_OF_ART,0.00026863875,New York,US
script,script,OTHER,0.00026863875,New York,US
b,b,OTHER,0.0002680484,New York,US
f,f,OTHER,0.0002680484,New York,US
name headline,name headline,OTHER,0.0002675678,New York,US
header,header,OTHER,0.00026749633,New York,US
COMMENTS,COMMENTS,WORK_OF_ART,0.00026720215,New York,US
comments,comments,WORK_OF_ART,0.00026693288,New York,US
comments,comments,WORK_OF_ART,0.00026693288,New York,US
thumbnail heyya,thumbnail heyya,OTHER,0.00026688867,New York,US
thumbnail allthebooks,thumbnail allthebooks,OTHER,0.00026688867,New York,US
thumbnail thepodcast,thumbnail thepodcast,WORK_OF_ART,0.00026680075,New York,US
thumbnail sffyeah,thumbnail sffyeah,OTHER,0.00026680075,New York,US
type,type,OTHER,0.00026460382,New York,US
type,type,OTHER,0.00026460382,New York,US
type,type,OTHER,0.00026460382,New York,US
class,class,OTHER,0.0002644125,New York,US
class,class,OTHER,0.00026432463,New York,US
class,class,OTHER,0.00026432463,New York,US
class,class,OTHER,0.0002642673,New York,US
class,class,OTHER,0.0002642673,New York,US
class,class,OTHER,0.00026421095,New York,US
class,class,OTHER,0.00026415553,New York,US
container,container,OTHER,0.00026375282,New York,US
menu-footer-container,menu-footer-container,OTHER,0.00026355125,New York,US
space,space,OTHER,0.00025868067,New York,US
http://www.facebook.com/sharer.php?u=https://bookriot.com/2017/03/22/my-quest-to-visit-every-bookstore-in-nyc/&amp;t=My Quest,http://www.facebook.com/sharer.php?u=https://bookriot.com/2017/03/22/my-quest-to-visit-every-bookstore-in-nyc/&amp;t=My Quest,OTHER,0.00025865913,New York,US
space,space,OTHER,0.0002583604,New York,US
script type,script type,OTHER,0.00025799253,New York,US
script type,script type,OTHER,0.00025799253,New York,US
type,type,OTHER,0.00025797397,New York,US
type,type,OTHER,0.00025797397,New York,US
space,space,OTHER,0.00025755487,New York,US
romance,romance,OTHER,0.0002570601,New York,US
Romance,Romance,OTHER,0.0002570601,New York,US
Page,Page,OTHER,0.0002500163,New York,US
Half-Price Books,Half-Price Books,ORGANIZATION,0.00024997495,New York,US
facebookShare,facebookShare,OTHER,0.00024840675,New York,US
background,background,OTHER,0.00024638174,New York,US
relative,relative,OTHER,0.00024628037,New York,US
twitterShare,twitterShare,OTHER,0.0002447305,New York,US
"http://www.argosybooks.com/shop/argosy/index.html"">Argosy Books<","http://www.argosybooks.com/shop/argosy/index.html"">Argosy Books<",OTHER,0.00024421045,New York,US
version,version,CONSUMER_GOOD,0.00024335239,New York,US
Newsletter Signup,Newsletter Signup,OTHER,0.00024320881,New York,US
logo,logo,WORK_OF_ART,0.00024294046,New York,US
data-identifier,data-identifier,OTHER,0.00024252122,New York,US
data-identifier,data-identifier,OTHER,0.00024246579,New York,US
bookstore,bookstore,LOCATION,0.00024239074,New York,US
bookstore,bookstore,LOCATION,0.00024236045,New York,US
Comics,Comics,WORK_OF_ART,0.00024205535,New York,US
comics-graphic-novels,comics-graphic-novels,WORK_OF_ART,0.00024205535,New York,US
Children,Children,PERSON,0.00024205535,New York,US
childrens,childrens,PERSON,0.00024205535,New York,US
science-fiction-fantasy,science-fiction-fantasy,WORK_OF_ART,0.00024205535,New York,US
logo,logo,WORK_OF_ART,0.00024165159,New York,US
el = document.getElementsByTagName,el = document.getElementsByTagName,OTHER,0.00024056167,New York,US
b.getElementsByTagName,b.getElementsByTagName,OTHER,0.00023968522,New York,US
title,title,OTHER,0.0002386127,New York,US
title,title,OTHER,0.00023859419,New York,US
title,title,OTHER,0.00023857578,New York,US
title,title,OTHER,0.00023855749,New York,US
title,title,OTHER,0.00023853932,New York,US
title,title,OTHER,0.00023852126,New York,US
title,title,OTHER,0.00023850329,New York,US
Follow Young Adult on Pinterest,Follow Young Adult on Pinterest,WORK_OF_ART,0.0002345024,New York,US
Follow Young Adult on Instagram,Follow Young Adult on Instagram,WORK_OF_ART,0.0002345024,New York,US
share-button-toggle,share-button-toggle,OTHER,0.00023416622,New York,US
space,space,OTHER,0.00023416622,New York,US
Sci-Fi/Fantasy,Sci-Fi/Fantasy,WORK_OF_ART,0.00023208545,New York,US
photography</ul,photography</ul,OTHER,0.0002303482,New York,US
article,article,WORK_OF_ART,0.00023014666,New York,US
buttons,buttons,OTHER,0.00022834797,New York,US
Subscribe button,Subscribe button,OTHER,0.00022814104,New York,US
post,post,WORK_OF_ART,0.00022807525,New York,US
Search,Search,WORK_OF_ART,0.00022695427,New York,US
color key,color key,OTHER,0.0002269409,New York,US
search-autocomplete,search-autocomplete,OTHER,0.00022492249,New York,US
action,action,OTHER,0.00022492249,New York,US
method,method,OTHER,0.00022492249,New York,US
fullwidth,fullwidth,OTHER,0.00022474688,New York,US
publisher,publisher,ORGANIZATION,0.00022450245,New York,US
subscribe-button pinterest,subscribe-button pinterest,OTHER,0.00022432671,New York,US
readers,readers,PERSON,0.00022323849,New York,US
text,text,OTHER,0.00022259906,New York,US
data-identifier,data-identifier,OTHER,0.00022068854,New York,US
version,version,CONSUMER_GOOD,0.00022049765,New York,US
author,author,PERSON,0.00022037733,New York,US
author,author,PERSON,0.00022037733,New York,US
datetime,datetime,EVENT,0.00022037733,New York,US
content-area,content-area,LOCATION,0.00022031908,New York,US
footer,footer,OTHER,0.00021853777,New York,US
"https://bookriot.com/about/"">About Book Riot","https://bookriot.com/about/"">About Book Riot",WORK_OF_ART,0.00021550347,New York,US
fbq,fbq,OTHER,0.0002144091,New York,US
sidebar widget_random_content_pro_widget,sidebar widget_random_content_pro_widget,OTHER,0.00020592958,New York,US
sidebar,sidebar,OTHER,0.00020589172,New York,US
subscribe-button youtube,subscribe-button youtube,OTHER,0.00020571031,New York,US
svg,svg,OTHER,0.0002056073,New York,US
email,email,WORK_OF_ART,0.00020559052,New York,US
email,email,WORK_OF_ART,0.00020559052,New York,US
email,email,WORK_OF_ART,0.00020559052,New York,US
email,email,WORK_OF_ART,0.00020559052,New York,US
Insiders,Insiders,PERSON,0.0002054924,New York,US
format-standard,format-standard,OTHER,0.00020535279,New York,US
Shop,Shop,LOCATION,0.00020531828,New York,US
label,label,OTHER,0.00020531828,New York,US
Shop,Shop,ORGANIZATION,0.00020531828,New York,US
auto,auto,OTHER,0.00020531828,New York,US
label,label,OTHER,0.00020531828,New York,US
comScore,comScore,ORGANIZATION,0.00020529797,New York,US
fullwidth,fullwidth,OTHER,0.00020525063,New York,US
mailto,mailto,OTHER,0.00020500776,New York,US
reddit,reddit,OTHER,0.00020496645,New York,US
cooking,cooking,OTHER,0.00020492735,New York,US
nav-content-right,nav-content-right,OTHER,0.00020468533,New York,US
literature,literature,OTHER,0.0002045178,New York,US
icon,icon,WORK_OF_ART,0.00020432647,New York,US
event,event,EVENT,0.0002043227,New York,US
icon,icon,WORK_OF_ART,0.00020431071,New York,US
icon,icon,OTHER,0.00020429504,New York,US
icon,icon,OTHER,0.00020427948,New York,US
icon,icon,WORK_OF_ART,0.000204264,New York,US
ul,ul,OTHER,0.00020117484,New York,US
comments-header,comments-header,OTHER,0.0001987694,New York,US
cookbooks,cookbooks,WORK_OF_ART,0.00019739584,New York,US
style,style,OTHER,0.00019721303,New York,US
"https://bookriot.com/sitemap/"">Sitemap</a></li","https://bookriot.com/sitemap/"">Sitemap</a></li",OTHER,0.0001970039,New York,US
"https://bookriot.com/privacy/"">Privacy</a></li","https://bookriot.com/privacy/"">Privacy</a></li",OTHER,0.0001970039,New York,US
Book Riot,Book Riot,WORK_OF_ART,0.00019592638,New York,US
postID,postID,OTHER,0.00019555508,New York,US
target,target,OTHER,0.00019484543,New York,US
SiteSectionSidebar,SiteSectionSidebar,OTHER,0.0001898438,New York,US
alt,alt,OTHER,0.00018705259,New York,US
text/javascript,text/javascript,OTHER,0.00018705259,New York,US
javascript,javascript,OTHER,0.0001869717,New York,US
type-post status,type-post status,OTHER,0.0001867606,New York,US
hentry,hentry,OTHER,0.0001867606,New York,US
300x600,300x600,CONSUMER_GOOD,0.00018672922,New York,US
Insiders,Insiders,PERSON,0.00018672922,New York,US
padding,padding,OTHER,0.00018672922,New York,US
mailto,mailto,OTHER,0.0001863555,New York,US
Social Networks,Social Networks,OTHER,0.00018630295,New York,US
photo,photo,WORK_OF_ART,0.0001862263,New York,US
type-post status,type-post status,OTHER,0.00018615209,New York,US
spirituality<li,spirituality<li,PERSON,0.00018586665,New York,US
li,li,OTHER,0.00018586665,New York,US
alcohol<li,alcohol<li,PERSON,0.00018586665,New York,US
indie bookstore<li,indie bookstore<li,PERSON,0.00018586665,New York,US
li,li,OTHER,0.00018586665,New York,US
tag-bookstores,tag-bookstores,LOCATION,0.00018579069,New York,US
bookstores,bookstores,LOCATION,0.0001857665,New York,US
bookstores,bookstores,LOCATION,0.00018574258,New York,US
bookstores,bookstores,LOCATION,0.00018571889,New York,US
bookstores,bookstores,LOCATION,0.00018571889,New York,US
bookstores,bookstores,ORGANIZATION,0.00018567224,New York,US
bookstores,bookstores,LOCATION,0.00018567224,New York,US
bookstore,bookstore,LOCATION,0.00018564926,New York,US
book,book,WORK_OF_ART,0.0001856265,New York,US
bookstores,bookstores,LOCATION,0.00018558164,New York,US
Bookstores,Bookstores,ORGANIZATION,0.00018553763,New York,US
books,books,WORK_OF_ART,0.00018547314,New York,US
bookstore,bookstore,LOCATION,0.00018543113,New York,US
bookstore,bookstore,LOCATION,0.00018536948,New York,US
cookbook bookstore,cookbook bookstore,LOCATION,0.00018532929,New York,US
books,books,WORK_OF_ART,0.00018525092,New York,US
bookstores,bookstores,LOCATION,0.00018519383,New York,US
travel books,travel books,WORK_OF_ART,0.0001851751,New York,US
kids books,kids books,WORK_OF_ART,0.0001851751,New York,US
Romance novels,Romance novels,WORK_OF_ART,0.00018347306,New York,US
comment-count-backgound relative,comment-count-backgound relative,WORK_OF_ART,0.00018313958,New York,US
articleBody,articleBody,WORK_OF_ART,0.0001831093,New York,US
background,background,OTHER,0.00018307075,New York,US
previouspost,previouspost,WORK_OF_ART,0.0001822581,New York,US
callMethod,callMethod,OTHER,0.00018132287,New York,US
callMethod.,callMethod.,OTHER,0.00018123921,New York,US
The Podcast,The Podcast,WORK_OF_ART,0.00018047885,New York,US
bar bar1,bar bar1,LOCATION,0.00017966396,New York,US
abs,abs,OTHER,0.00017966396,New York,US
bar bar2,bar bar2,LOCATION,0.00017966396,New York,US
bar bar3,bar bar3,LOCATION,0.00017966396,New York,US
pinterestShare,pinterestShare,OTHER,0.00017896014,New York,US
Sharebar Pinterest,Sharebar Pinterest,OTHER,0.00017896014,New York,US
tumblrShare,tumblrShare,OTHER,0.00017890794,New York,US
disqus-body,disqus-body,OTHER,0.00017388395,New York,US
script,script,WORK_OF_ART,0.00017117246,New York,US
script,script,WORK_OF_ART,0.00017117246,New York,US
function,function,OTHER,0.00016927514,New York,US
function,function,OTHER,0.00016922661,New York,US
function,function,OTHER,0.00016922661,New York,US
function,function,OTHER,0.00016922661,New York,US
d,d,PERSON,0.00016760893,New York,US
Sharebar Email,Sharebar Email,WORK_OF_ART,0.00016405097,New York,US
gift card,gift card,OTHER,0.00016401151,New York,US
data-identifier,data-identifier,OTHER,0.00016391472,New York,US
content-area,content-area,LOCATION,0.000163868,New York,US
area,area,LOCATION,0.00016373386,New York,US
comments-area,comments-area,LOCATION,0.00016373386,New York,US
newsletter-signup,newsletter-signup,OTHER,0.00016359445,New York,US
Newsletter Signup,Newsletter Signup,OTHER,0.00016359445,New York,US
input-wrap,input-wrap,OTHER,0.00016356766,New York,US
margin,margin,OTHER,0.00016335105,New York,US
Hey YA,Hey YA,WORK_OF_ART,0.00015793521,New York,US
Dead,Dead,ORGANIZATION,0.00015793521,New York,US
subscribe-button pinterest,subscribe-button pinterest,OTHER,0.00015505416,New York,US
one,one,OTHER,0.00015503592,New York,US
"http://wordbookstores.com"">WORD</a></p><p>I","http://wordbookstores.com"">WORD</a></p><p>I",OTHER,0.0001535508,New York,US
mustard,mustard,OTHER,0.00015232633,New York,US
mustard,mustard,OTHER,0.00015231142,New York,US
mustard,mustard,OTHER,0.00015231142,New York,US
comment-cta,comment-cta,OTHER,0.00015226733,New York,US
fullwidth,fullwidth,OTHER,0.00015219605,New York,US
method,method,OTHER,0.00015198435,New York,US
action,action,OTHER,0.00015198435,New York,US
controls-group,controls-group,ORGANIZATION,0.00015198435,New York,US
input-group,input-group,ORGANIZATION,0.00015198435,New York,US
newsletter-registration-btn,newsletter-registration-btn,OTHER,0.00015197188,New York,US
menu-footer,menu-footer,OTHER,0.00015094507,New York,US
display,display,OTHER,0.0001509228,New York,US
tag,tag,OTHER,0.0001509228,New York,US
Masthead,Masthead,OTHER,0.00015052976,New York,US
width,width,OTHER,0.00014732488,New York,US
Riot,Riot,ORGANIZATION,0.00014506865,New York,US
AuthorPageview,AuthorPageview,WORK_OF_ART,0.00014310243,New York,US
subscribe-button youtube,subscribe-button youtube,OTHER,0.00014218743,New York,US
none,none,OTHER,0.00014211294,New York,US
document,document,WORK_OF_ART,0.0001420922,New York,US
wp-caption-text,wp-caption-text,WORK_OF_ART,0.00014177307,New York,US
wp-caption-text,wp-caption-text,WORK_OF_ART,0.00014163529,New York,US
padding,padding,CONSUMER_GOOD,0.00013842902,New York,US
inbox</p,inbox</p,OTHER,0.00013822372,New York,US
novalidate,novalidate,OTHER,0.00013822372,New York,US
form,form,OTHER,0.00013742739,New York,US
M3,M3,CONSUMER_GOOD,0.00013732347,New York,US
M100,M100,OTHER,0.00013719752,New York,US
disqus-122107,disqus-122107,OTHER,0.00013608018,New York,US
_qevents.push,_qevents.push,EVENT,0.00013202727,New York,US
_stq.push,_stq.push,EVENT,0.00013197956,New York,US
datePublished,datePublished,ORGANIZATION,0.00013041034,New York,US
dateModified,dateModified,OTHER,0.000130393,New York,US
Cool Bookish Places,Cool Bookish Places,ORGANIZATION,0.0001295137,New York,US
Tweet This Post,Tweet This Post,WORK_OF_ART,0.00012683423,New York,US
tag-nyc,tag-nyc,LOCATION,0.00012582031,New York,US
"http://bluestockings.com/"">Bluestockings</a></p><p>A","http://bluestockings.com/"">Bluestockings</a></p><p>A",OTHER,0.00012543442,New York,US
Image,Image,WORK_OF_ART,0.00012402302,New York,US
Image,Image,WORK_OF_ART,0.0001239818,New York,US
Image,Image,WORK_OF_ART,0.00012395492,New York,US
target,target,OTHER,0.00012392848,New York,US
Sharebar Reddit,Sharebar Reddit,ORGANIZATION,0.00012129045,New York,US
redditShare,redditShare,OTHER,0.00012129045,New York,US
art,art,WORK_OF_ART,0.00012122631,New York,US
keywords,keywords,OTHER,0.00012120209,New York,US
mainEntityOfPage,mainEntityOfPage,OTHER,0.00012118786,New York,US
post-tags,post-tags,OTHER,0.000121166464,New York,US
Giveaway,Giveaway,OTHER,0.00012104257,New York,US
Conversation,Conversation,OTHER,0.00012101046,New York,US
ways,ways,OTHER,0.00012101046,New York,US
random_content_pro_widget-5,random_content_pro_widget-5,OTHER,0.00012097771,New York,US
arrow,arrow,OTHER,0.00012090811,New York,US
job,job,OTHER,0.0001206374,New York,US
subsection,subsection,OTHER,0.000120624194,New York,US
function wordkeeper_lazyload_scripts,function wordkeeper_lazyload_scripts,OTHER,0.00012002152,New York,US
body,body,OTHER,0.00012002152,New York,US
alt,alt,OTHER,0.00011910689,New York,US
alt,alt,OTHER,0.0001190673,New York,US
alt,alt,OTHER,0.00011904148,New York,US
alt,alt,OTHER,0.00011901609,New York,US
alt,alt,OTHER,0.000118991135,New York,US
city,city,LOCATION,0.00011421927,New York,US
rnmg-logo,rnmg-logo,WORK_OF_ART,0.00011316746,New York,US
js,js,OTHER,0.00011304779,New York,US
deferscript,deferscript,OTHER,0.00011303962,New York,US
deferscript,deferscript,OTHER,0.000113015376,New York,US
CACHEBUSTER,CACHEBUSTER,OTHER,0.000110452056,New York,US
pages,pages,OTHER,0.000110024936,New York,US
everything,everything,OTHER,0.00010782682,New York,US
https://2982-presscdn-29-70-pagely.netdna-ssl.com/wp-content/uploads/2017/03/Argosy-Bookstore-50x37.jpg,https://2982-presscdn-29-70-pagely.netdna-ssl.com/wp-content/uploads/2017/03/Archestratus-Bookstore-50x39.jpg,OTHER,0.0001072031,New York,US
Map,Map,WORK_OF_ART,0.00010665599,New York,US
H18z,H18z,OTHER,0.00010643981,New York,US
M33,M33,OTHER,0.00010643981,New York,US
M18,M18,OTHER,0.00010643981,New York,US
xlink,xlink,OTHER,0.00010643981,New York,US
H18c-0.2,H18c-0.2,PERSON,0.00010643981,New York,US
"https://bookriot.com/about/community-guidelines/"">Community Guidelines<","https://bookriot.com/about/community-guidelines/"">Community Guidelines<",WORK_OF_ART,0.00010634667,New York,US
sizes,sizes,OTHER,0.00010566777,New York,US
sizes,sizes,OTHER,0.00010560974,New York,US
size,size,OTHER,0.00010560974,New York,US
sizes,sizes,OTHER,0.00010558722,New York,US
fb-root,fb-root,OTHER,0.00010502477,New York,US
load,load,OTHER,0.00010499465,New York,US
map,map,OTHER,9.885035e-05,New York,US
country,country,LOCATION,9.8751974e-05,New York,US
country,country,LOCATION,9.858628e-05,New York,US
Melissa Scrivner Love,Melissa Scrivner Love,PERSON,9.690722e-05,New York,US
vcard fn,vcard fn,OTHER,9.639019e-05,New York,US
table displays,table displays,OTHER,9.620171e-05,New York,US
return,return,OTHER,9.5515665e-05,New York,US
fjs,fjs,OTHER,9.5515665e-05,New York,US
index,index,OTHER,9.548828e-05,New York,US
Snapchat,Snapchat,OTHER,9.230771e-05,New York,US
sizes,sizes,OTHER,9.065549e-05,New York,US
wp-caption,wp-caption,WORK_OF_ART,9.049062e-05,New York,US
col-md-4,col-md-4,LOCATION,9.000577e-05,New York,US
bookstore visit,bookstore visit,EVENT,8.748081e-05,New York,US
Ears,Ears,OTHER,8.3672e-05,New York,US
Cos,Cos,OTHER,8.365856e-05,New York,US
border,border,LOCATION,8.356903e-05,New York,US
labels,labels,OTHER,8.356903e-05,New York,US
qacct,qacct,OTHER,8.356903e-05,New York,US
dsq-count-scr,dsq-count-scr,OTHER,8.35508e-05,New York,US
srv,srv,OTHER,8.353883e-05,New York,US
tz,tz,OTHER,8.353883e-05,New York,US
blog,blog,OTHER,8.353883e-05,New York,US
Discussion,Discussion,OTHER,8.186365e-05,New York,US
M10,M10,WORK_OF_ART,8.178722e-05,New York,US
M10,M10,ORGANIZATION,8.178722e-05,New York,US
way,way,OTHER,7.843589e-05,New York,US
t,t,OTHER,7.738172e-05,New York,US
col-md-4,col-md-4,LOCATION,7.673393e-05,New York,US
times,times,OTHER,7.653723e-05,New York,US
stores,stores,LOCATION,7.643126e-05,New York,US
space,space,OTHER,7.643126e-05,New York,US
aligncenter lazyload,aligncenter lazyload,OTHER,7.6024575e-05,New York,US
ton,ton,OTHER,7.5920114e-05,New York,US
d.createElement,d.createElement,OTHER,7.4749216e-05,New York,US
others,others,PERSON,7.310119e-05,New York,US
love,love,OTHER,7.212372e-05,New York,US
staff,staff,PERSON,7.208712e-05,New York,US
favorites,favorites,OTHER,7.200982e-05,New York,US
website,website,OTHER,7.1993505e-05,New York,US
novel,novel,WORK_OF_ART,7.198546e-05,New York,US
website,website,OTHER,7.1969574e-05,New York,US
staff,staff,PERSON,7.195396e-05,New York,US
favorites,favorites,OTHER,7.193862e-05,New York,US
staff,staff,PERSON,7.193104e-05,New York,US
love,love,OTHER,7.192353e-05,New York,US
LOLA,LOLA,ORGANIZATION,7.162675e-05,New York,US
btn-cta,btn-cta,OTHER,7.018388e-05,New York,US
format-standard,format-standard,OTHER,6.7013716e-05,New York,US
indie,indie,ORGANIZATION,6.698782e-05,New York,US
color-code,color-code,OTHER,6.698782e-05,New York,US
marker,marker,OTHER,6.6979366e-05,New York,US
star,star,PERSON,6.6979366e-05,New York,US
shelf,shelf,OTHER,6.69545e-05,New York,US
TBR list,TBR list,OTHER,6.691461e-05,New York,US
Quantcast,Quantcast,ORGANIZATION,6.6905515e-05,New York,US
few,few,PERSON,6.689918e-05,New York,US
activism,activism,OTHER,6.687654e-05,New York,US
selection,selection,OTHER,6.6869135e-05,New York,US
wood shelves,wood shelves,OTHER,6.686179e-05,New York,US
list,list,OTHER,6.683303e-05,New York,US
fiction,fiction,OTHER,6.683303e-05,New York,US
indies,indies,OTHER,6.6825996e-05,New York,US
selection,selection,OTHER,6.6825996e-05,New York,US
selection,selection,OTHER,6.681902e-05,New York,US
markers,markers,OTHER,6.679842e-05,New York,US
stores,stores,LOCATION,6.679167e-05,New York,US
light blue,light blue,OTHER,6.679167e-05,New York,US
sci-fi,sci-fi,OTHER,6.679167e-05,New York,US
Color Key,Color Key,OTHER,6.679167e-05,New York,US
inventory,inventory,OTHER,6.5154185e-05,New York,US
anything,anything,OTHER,6.514721e-05,New York,US
alcohol,alcohol,CONSUMER_GOOD,6.4094456e-05,New York,US
potential,potential,OTHER,6.324716e-05,New York,US
aligncenter,aligncenter,PERSON,6.252856e-05,New York,US
startPage,startPage,OTHER,6.21391e-05,New York,US
Podcast material,Podcast material,OTHER,6.169594e-05,New York,US
hentry,hentry,OTHER,6.09461e-05,New York,US
desire,desire,OTHER,6.0938168e-05,New York,US
appointment,appointment,OTHER,6.092255e-05,New York,US
atmosphere,atmosphere,OTHER,6.090724e-05,New York,US
lot,lot,OTHER,6.0877523e-05,New York,US
job,job,OTHER,6.0877523e-05,New York,US
way,way,OTHER,6.0855968e-05,New York,US
atmosphere,atmosphere,OTHER,6.0807924e-05,New York,US
home,home,LOCATION,6.0807924e-05,New York,US
something,something,OTHER,6.0794737e-05,New York,US
red,red,OTHER,6.0744154e-05,New York,US
appointment,appointment,OTHER,6.0744154e-05,New York,US
iframe,iframe,OTHER,6.0744154e-05,New York,US
iframe,iframe,OTHER,6.0744154e-05,New York,US
brown,brown,OTHER,6.0744154e-05,New York,US
orange,orange,OTHER,6.0744154e-05,New York,US
Jersey City,Jersey City,LOCATION,5.828373e-05,New York,US
orange,orange,OTHER,5.717748e-05,New York,US
"http://riotadnetwork.com/"">Riot Ad Network","http://riotadnetwork.com/"">Riot Ad Network",OTHER,5.6537567e-05,New York,US
Begin FB Root,Begin FB Root,OTHER,5.652098e-05,New York,US
human curation,human curation,OTHER,5.328139e-05,New York,US
purchase,purchase,EVENT,5.326826e-05,New York,US
memory,memory,OTHER,5.326826e-05,New York,US
shelving units,shelving units,LOCATION,5.326826e-05,New York,US
staff recommendations,staff recommendations,OTHER,5.326826e-05,New York,US
progress,progress,OTHER,5.325539e-05,New York,US
glass case,glass case,OTHER,5.3224252e-05,New York,US
gems,gems,OTHER,5.3218195e-05,New York,US
feminist,feminist,PERSON,5.3212192e-05,New York,US
volunteer-run,volunteer-run,EVENT,5.3212192e-05,New York,US
short story collection,short story collection,WORK_OF_ART,5.3212192e-05,New York,US
Dreams,Dreams,OTHER,5.3212192e-05,New York,US
copy,copy,OTHER,5.3212192e-05,New York,US
Bread,Bread,CONSUMER_GOOD,5.3212192e-05,New York,US
politics,politics,OTHER,5.3206244e-05,New York,US
zines,zines,WORK_OF_ART,5.320035e-05,New York,US
press,press,OTHER,5.320035e-05,New York,US
lighting,lighting,OTHER,5.3194504e-05,New York,US
Company,Company,ORGANIZATION,5.3194504e-05,New York,US
chance,chance,OTHER,5.3188713e-05,New York,US
cafe,cafe,LOCATION,5.318297e-05,New York,US
bakery,bakery,LOCATION,5.3177275e-05,New York,US
food essays,food essays,OTHER,5.317163e-05,New York,US
career,career,OTHER,5.317163e-05,New York,US
opinion,opinion,OTHER,5.316603e-05,New York,US
employee,employee,PERSON,5.316603e-05,New York,US
respect,respect,OTHER,5.316048e-05,New York,US
chairs,chairs,CONSUMER_GOOD,5.316048e-05,New York,US
fashion,fashion,OTHER,5.313872e-05,New York,US
yellow,yellow,OTHER,5.313872e-05,New York,US
violet,violet,OTHER,5.313872e-05,New York,US
navy,navy,OTHER,5.313872e-05,New York,US
religion,religion,OTHER,5.313872e-05,New York,US
pink,pink,OTHER,5.313872e-05,New York,US
location,location,LOCATION,5.2186107e-05,New York,US
I&,I&,PERSON,5.0964994e-05,New York,US
p-c54G_RnM5lvok,p-c54G_RnM5lvok,WORK_OF_ART,4.9451504e-05,New York,US
nextLink,nextLink,OTHER,4.9437163e-05,New York,US
maxPages,maxPages,OTHER,4.9437163e-05,New York,US
replaceWith,replaceWith,LOCATION,4.9430117e-05,New York,US
outerHTML.,outerHTML.,CONSUMER_GOOD,4.9430117e-05,New York,US
$.getScript,$.getScript,OTHER,4.9430117e-05,New York,US
I&,I&,PERSON,4.265706e-05,New York,US
CACHEBUSTER,CACHEBUSTER,ORGANIZATION,3.9587092e-05,New York,US
Bluestocking&,Bluestocking&,OTHER,3.9564966e-05,New York,US
DeRose Method,DeRose Method,OTHER,3.9556384e-05,New York,US
New Jersey,New Jersey,LOCATION,3.9543786e-05,New York,US
lot,lot,OTHER,3.5691195e-05,New York,US
Yelp,Yelp,OTHER,3.153671e-05,New York,US
Manhattan.,Manhattan.,LOCATION,3.153671e-05,New York,US
Seattle,Seattle,LOCATION,3.1513402e-05,New York,US
Cat Valente.,Cat Valente.,PERSON,3.148784e-05,New York,US
Argosy&,Argosy&,OTHER,3.148784e-05,New York,US
"http://www.threelives.com/"">Three Lives &amp","http://www.threelives.com/"">Three Lives &amp",PERSON,3.1477375e-05,New York,US
Brooklyn,Brooklyn,LOCATION,3.1460524e-05,New York,US
Greenpoint,Greenpoint,LOCATION,3.1460524e-05,New York,US
t,t,OTHER,2.9494377e-05,New York,US
means,means,OTHER,2.6187114e-05,New York,US
